[
  {
    "model": "game_world.gameworld",
    "pk": 1,
    "fields": {
      "uuid": "77fb823b-7744-4c94-91b8-ce0a9caabb28",
      "name": "Аэрокосмический Альянс",
      "description": "Игровой мир будущего, где человечество освоило межпланетные перелеты и создало масштабную космическую инфраструктуру. Игроки выступают в роли пилотов, инженеров, дипломатов и стратегов, развивающих космическую экспансию человечества. От строительства орбитальных станций до дипломатических миссий с инопланетными цивилизациями - здесь каждый найдет свой путь к звездам. Компетенции отражают ключевые навыки, необходимые для выживания и процветания в условиях космической экспансии.",
      "color": "#1a237e",
      "standard_experience": 25,
      "standard_currency": 50,
      "currency_name": "звездные кредиты",
      "created_at": "2025-09-24T14:58:24.186615+00:00",
      "updated_at": "2025-09-24T14:58:24.186615+00:00",
      "data_for_graph": {
        "cells": [
          {
            "id": "f67e7585-f61e-4c97-8fbd-55eebcb6ff87",
            "shape": "rank-node",
            "x": 300,
            "y": 2750,
            "attrs": {
              "title": {
                "text": "Властелин"
              },
              "description": {
                "text": "Высший ранг, символ абсолютного превосходства"
              }
            },
            "data": {
              "type": "rank",
              "name": "Властелин",
              "description": "Высший ранг, символ абсолютного превосходства",
              "required_experience": 4500,
              "color": "#00BCD4"
            }
          },
          {
            "id": "6d7d7c2d-7162-4cf1-9d5b-4908f03a871f",
            "shape": "rank-node",
            "x": 300,
            "y": 2450,
            "attrs": {
              "title": {
                "text": "Чемпион"
              },
              "description": {
                "text": "Абсолютный пик игрового совершенства"
              }
            },
            "data": {
              "type": "rank",
              "name": "Чемпион",
              "description": "Абсолютный пик игрового совершенства",
              "required_experience": 3600,
              "color": "#3F51B5"
            }
          },
          {
            "id": "53993c7e-20a1-4f70-9463-d58b2f94e055",
            "shape": "rank-node",
            "x": 300,
            "y": 2150,
            "attrs": {
              "title": {
                "text": "Легенда"
              },
              "description": {
                "text": "Мифический статус, достижимый лишь единицами"
              }
            },
            "data": {
              "type": "rank",
              "name": "Легенда",
              "description": "Мифический статус, достижимый лишь единицами",
              "required_experience": 2800,
              "color": "#E91E63"
            }
          },
          {
            "id": "c3d7b6f1-2a2b-3b7c-f0c4-7b5e8d9a6f40",
            "shape": "event-node",
            "x": 300,
            "y": 2250,
            "attrs": {
              "title": {
                "text": "Разработка системы лояльности"
              },
              "description": {
                "text": "Создание комплексной программы удержания талантов в межзвёздной корпорации."
              }
            },
            "data": {
              "type": "event",
              "name": "Разработка системы лояльности",
              "description": "Создание комплексной программы удержания талантов в межзвёздной корпорации.",
              "experience": 1200,
              "currency": 900,
              "category": "Процессы и аналитика",
              "required_number": 1
            }
          },
          {
            "id": "a1b2c3d4-e5f6-7890-abcd-ef1234567015",
            "shape": "competency-node",
            "x": 3740,
            "y": 2320,
            "attrs": {
              "title": {
                "text": "Базовая экономика"
              },
              "description": {
                "text": "Основные понятия экономики и финансов"
              }
            },
            "data": {
              "type": "competency",
              "name": "Базовая экономика",
              "description": "Основные понятия экономики и финансов",
              "level": 1,
              "required_experience": 90,
              "color": "#795548"
            }
          },
          {
            "id": "edge-1",
            "shape": "entity-edge",
            "source": {
              "cell": "c3d7b6f1-2a2b-3b7c-f0c4-7b5e8d9a6f40"
            },
            "target": {
              "cell": "a1b2c3d4-e5f6-7890-abcd-ef1234567015"
            }
          },
          {
            "id": "edge-2",
            "shape": "entity-edge",
            "source": {
              "cell": "53993c7e-20a1-4f70-9463-d58b2f94e055"
            },
            "target": {
              "cell": "c3d7b6f1-2a2b-3b7c-f0c4-7b5e8d9a6f40"
            }
          },
          {
            "id": "0d88c8b0-4560-4438-8fa5-d8c88489c88f",
            "shape": "rank-node",
            "x": 300,
            "y": 1850,
            "attrs": {
              "title": {
                "text": "Грандмастер"
              },
              "description": {
                "text": "Легендарный уровень мастерства"
              }
            },
            "data": {
              "type": "rank",
              "name": "Грандмастер",
              "description": "Легендарный уровень мастерства",
              "required_experience": 2100,
              "color": "#FFD700"
            }
          },
          {
            "id": "e9f3e2c7-8c8d-9d3b-b6f0-3b1c5a6a4c54",
            "shape": "mission-branch-node",
            "x": 3010,
            "y": 1970,
            "attrs": {
              "title": {
                "text": "Галактический HR-бренд"
              },
              "description": {
                "text": "Элитная ветка миссий по построению межзвёздного бренда работодателя."
              }
            },
            "data": {
              "type": "missionBranch",
              "name": "Галактический HR-бренд",
              "description": "Элитная ветка миссий по построению межзвёздного бренда работодателя.",
              "category": "Бренд работодателя",
              "time_to_complete": 120
            }
          },
          {
            "id": "edge-3",
            "shape": "entity-edge",
            "source": {
              "cell": "0d88c8b0-4560-4438-8fa5-d8c88489c88f"
            },
            "target": {
              "cell": "e9f3e2c7-8c8d-9d3b-b6f0-3b1c5a6a4c54"
            }
          },
          {
            "id": "f8a2f1f6-7e7f-8f2d-c5a9-2d0e4e5e3d73",
            "shape": "mission-node",
            "x": 6340,
            "y": 2120,
            "attrs": {
              "title": {
                "text": "Галактическая PR-кампания"
              },
              "description": {
                "text": "Опыт: 700, Валюта: 560"
              }
            },
            "data": {
              "type": "mission",
              "name": "Галактическая PR-кампания",
              "description": "Опыт: 700, Валюта: 560",
              "experience": 700,
              "currency": 560,
              "level": "Легендарный",
              "is_key_mission": false
            }
          },
          {
            "id": "edge-4",
            "shape": "entity-edge",
            "source": {
              "cell": "e9f3e2c7-8c8d-9d3b-b6f0-3b1c5a6a4c54"
            },
            "target": {
              "cell": "f8a2f1f6-7e7f-8f2d-c5a9-2d0e4e5e3d73"
            }
          },
          {
            "id": "e7f1e0e5-6d6e-7e1c-b4f8-1c9d3d4d2c72",
            "shape": "mission-node",
            "x": 6080,
            "y": 2120,
            "attrs": {
              "title": {
                "text": "Создание виртуального HR-амбассадора"
              },
              "description": {
                "text": "Опыт: 800, Валюта: 640"
              }
            },
            "data": {
              "type": "mission",
              "name": "Создание виртуального HR-амбассадора",
              "description": "Опыт: 800, Валюта: 640",
              "experience": 800,
              "currency": 640,
              "level": "Легендарный",
              "is_key_mission": true
            }
          },
          {
            "id": "edge-5",
            "shape": "entity-edge",
            "source": {
              "cell": "e9f3e2c7-8c8d-9d3b-b6f0-3b1c5a6a4c54"
            },
            "target": {
              "cell": "e7f1e0e5-6d6e-7e1c-b4f8-1c9d3d4d2c72"
            }
          },
          {
            "id": "a1b2c3d4-e5f6-7890-abcd-ef1234567013",
            "shape": "competency-node",
            "x": 3220,
            "y": 2190,
            "attrs": {
              "title": {
                "text": "Трёхмерное мышление"
              },
              "description": {
                "text": "Базовые навыки пространственного мышления"
              }
            },
            "data": {
              "type": "competency",
              "name": "Трёхмерное мышление",
              "description": "Базовые навыки пространственного мышления",
              "level": 1,
              "required_experience": 180,
              "color": "#009688"
            }
          },
          {
            "id": "edge-6",
            "shape": "entity-edge",
            "source": {
              "cell": "e7f1e0e5-6d6e-7e1c-b4f8-1c9d3d4d2c72"
            },
            "target": {
              "cell": "a1b2c3d4-e5f6-7890-abcd-ef1234567013"
            }
          },
          {
            "id": "a1b5f4d9-0e0f-1f5a-d8a2-5f3c6b7e4d38",
            "shape": "event-node",
            "x": 300,
            "y": 2290,
            "attrs": {
              "title": {
                "text": "Глобальная HR-конференция"
              },
              "description": {
                "text": "Ежегодная конференция с участием лучших HR-специалистов всех секторов Альянса."
              }
            },
            "data": {
              "type": "event",
              "name": "Глобальная HR-конференция",
              "description": "Ежегодная конференция с участием лучших HR-специалистов всех секторов Альянса.",
              "experience": 1000,
              "currency": 800,
              "category": "Бренд работодателя",
              "required_number": 1
            }
          },
          {
            "id": "a1b2c3d4-e5f6-7890-abcd-ef1234567009",
            "shape": "competency-node",
            "x": 2180,
            "y": 2360,
            "attrs": {
              "title": {
                "text": "Командование"
              },
              "description": {
                "text": "Базовые навыки управления командой"
              }
            },
            "data": {
              "type": "competency",
              "name": "Командование",
              "description": "Базовые навыки управления командой",
              "level": 1,
              "required_experience": 200,
              "color": "#F44336"
            }
          },
          {
            "id": "edge-7",
            "shape": "entity-edge",
            "source": {
              "cell": "a1b5f4d9-0e0f-1f5a-d8a2-5f3c6b7e4d38"
            },
            "target": {
              "cell": "a1b2c3d4-e5f6-7890-abcd-ef1234567009"
            }
          },
          {
            "id": "550e8400-e29b-41d4-a716-446655440011",
            "shape": "artefact-node",
            "x": 2700,
            "y": 2370,
            "attrs": {
              "title": {
                "text": "Медальон перемирия с Конкордиатом Сириуса"
              },
              "description": {
                "text": "Символ дипломатического соглашения между Альянсом и могущественной инопланетной расой. Ношение медальона гарантирует безопасный проход через их пространство и доступ к их дипломатическим миссиям."
              }
            },
            "data": {
              "type": "artefact",
              "name": "Медальон перемирия с Конкордиатом Сириуса",
              "description": "Символ дипломатического соглашения между Альянсом и могущественной инопланетной расой. Ношение медальона гарантирует безопасный проход через их пространство и доступ к их дипломатическим миссиям.",
              "modifier": "DEFAULT",
              "modifier_value": 0
            }
          },
          {
            "id": "edge-8",
            "shape": "entity-edge",
            "source": {
              "cell": "a1b5f4d9-0e0f-1f5a-d8a2-5f3c6b7e4d38"
            },
            "target": {
              "cell": "550e8400-e29b-41d4-a716-446655440011"
            }
          },
          {
            "id": "edge-9",
            "shape": "entity-edge",
            "source": {
              "cell": "0d88c8b0-4560-4438-8fa5-d8c88489c88f"
            },
            "target": {
              "cell": "a1b5f4d9-0e0f-1f5a-d8a2-5f3c6b7e4d38"
            }
          },
          {
            "id": "cbe4b202-3ea6-4a2d-ae6f-42d063da36fc",
            "shape": "rank-node",
            "x": 300,
            "y": 3000,
            "attrs": {
              "title": {
                "text": "Мастер"
              },
              "description": {
                "text": "Виртуозное владение игровыми механиками"
              }
            },
            "data": {
              "type": "rank",
              "name": "Мастер",
              "description": "Виртуозное владение игровыми механиками",
              "required_experience": 1500,
              "color": "#F44336"
            }
          },
          {
            "id": "c7d1c0a5-6a6b-7b1f-f4d8-1f9a3e4e2a52",
            "shape": "mission-branch-node",
            "x": 2490,
            "y": 3120,
            "attrs": {
              "title": {
                "text": "Межпланетный рекрутинг"
              },
              "description": {
                "text": "Продвинутая ветка миссий по поиску и привлечению талантов из разных секторов галактики."
              }
            },
            "data": {
              "type": "missionBranch",
              "name": "Межпланетный рекрутинг",
              "description": "Продвинутая ветка миссий по поиску и привлечению талантов из разных секторов галактики.",
              "category": "Рекрутинг",
              "time_to_complete": 90
            }
          },
          {
            "id": "edge-10",
            "shape": "entity-edge",
            "source": {
              "cell": "cbe4b202-3ea6-4a2d-ae6f-42d063da36fc"
            },
            "target": {
              "cell": "c7d1c0a5-6a6b-7b1f-f4d8-1f9a3e4e2a52"
            }
          },
          {
            "id": "b4c8b7b2-3a3b-4b8c-e1c5-8f6e0a1a9f69",
            "shape": "mission-node",
            "x": 5300,
            "y": 3270,
            "attrs": {
              "title": {
                "text": "Межпланетный нетворкинг"
              },
              "description": {
                "text": "Опыт: 500, Валюта: 400"
              }
            },
            "data": {
              "type": "mission",
              "name": "Межпланетный нетворкинг",
              "description": "Опыт: 500, Валюта: 400",
              "experience": 500,
              "currency": 400,
              "level": "Экспертный",
              "is_key_mission": false
            }
          },
          {
            "id": "edge-11",
            "shape": "entity-edge",
            "source": {
              "cell": "c7d1c0a5-6a6b-7b1f-f4d8-1f9a3e4e2a52"
            },
            "target": {
              "cell": "b4c8b7b2-3a3b-4b8c-e1c5-8f6e0a1a9f69"
            }
          },
          {
            "id": "a3b7a6a1-2f2a-3a7b-d0b4-7e5d9f0f8e68",
            "shape": "mission-node",
            "x": 5040,
            "y": 3270,
            "attrs": {
              "title": {
                "text": "Поиск талантов на Марсе"
              },
              "description": {
                "text": "Опыт: 600, Валюта: 480"
              }
            },
            "data": {
              "type": "mission",
              "name": "Поиск талантов на Марсе",
              "description": "Опыт: 600, Валюта: 480",
              "experience": 600,
              "currency": 480,
              "level": "Легендарный",
              "is_key_mission": true
            }
          },
          {
            "id": "edge-12",
            "shape": "entity-edge",
            "source": {
              "cell": "c7d1c0a5-6a6b-7b1f-f4d8-1f9a3e4e2a52"
            },
            "target": {
              "cell": "a3b7a6a1-2f2a-3a7b-d0b4-7e5d9f0f8e68"
            }
          },
          {
            "id": "550e8400-e29b-41d4-a716-446655440005",
            "shape": "artefact-node",
            "x": 1140,
            "y": 3350,
            "attrs": {
              "title": {
                "text": "Карта тайных грузов Пояса Астероидов"
              },
              "description": {
                "text": "Зашифрованная карта, ведущая к заброшенным тайникам контрабандистов и местам крушений кораблей с ценными грузами. Постоянно обновляется с учетом гравитационных сдвигов в Поясе."
              }
            },
            "data": {
              "type": "artefact",
              "name": "Карта тайных грузов Пояса Астероидов",
              "description": "Зашифрованная карта, ведущая к заброшенным тайникам контрабандистов и местам крушений кораблей с ценными грузами. Постоянно обновляется с учетом гравитационных сдвигов в Поясе.",
              "modifier": "CURRENCY_GAIN",
              "modifier_value": 25
            }
          },
          {
            "id": "edge-13",
            "shape": "entity-edge",
            "source": {
              "cell": "a3b7a6a1-2f2a-3a7b-d0b4-7e5d9f0f8e68"
            },
            "target": {
              "cell": "550e8400-e29b-41d4-a716-446655440005"
            }
          },
          {
            "id": "a1b2c3d4-e5f6-7890-abcd-ef1234567017",
            "shape": "competency-node",
            "x": 4260,
            "y": 3340,
            "attrs": {
              "title": {
                "text": "Основы аэронавигации"
              },
              "description": {
                "text": "Базовые принципы навигации в воздушном пространстве"
              }
            },
            "data": {
              "type": "competency",
              "name": "Основы аэронавигации",
              "description": "Базовые принципы навигации в воздушном пространстве",
              "level": 1,
              "required_experience": 250,
              "color": "#607D8B"
            }
          },
          {
            "id": "edge-14",
            "shape": "entity-edge",
            "source": {
              "cell": "a3b7a6a1-2f2a-3a7b-d0b4-7e5d9f0f8e68"
            },
            "target": {
              "cell": "a1b2c3d4-e5f6-7890-abcd-ef1234567017"
            }
          },
          {
            "id": "d8e2c1a6-7b7c-8c2f-a5d9-2c0f3e4b1a35",
            "shape": "event-node",
            "x": 300,
            "y": 3450,
            "attrs": {
              "title": {
                "text": "Экспертная оценка межпланетных проектов"
              },
              "description": {
                "text": "Участие в жюри конкурса инновационных HR-проектов галактического масштаба."
              }
            },
            "data": {
              "type": "event",
              "name": "Экспертная оценка межпланетных проектов",
              "description": "Участие в жюри конкурса инновационных HR-проектов галактического масштаба.",
              "experience": 900,
              "currency": 700,
              "category": "Оценка",
              "required_number": 2
            }
          },
          {
            "id": "a1b2c3d4-e5f6-7890-abcd-ef1234567007",
            "shape": "competency-node",
            "x": 1660,
            "y": 3520,
            "attrs": {
              "title": {
                "text": "Аналитика"
              },
              "description": {
                "text": "Базовые навыки анализа информации и принятия решений"
              }
            },
            "data": {
              "type": "competency",
              "name": "Аналитика",
              "description": "Базовые навыки анализа информации и принятия решений",
              "level": 1,
              "required_experience": 120,
              "color": "#9C27B0"
            }
          },
          {
            "id": "edge-15",
            "shape": "entity-edge",
            "source": {
              "cell": "d8e2c1a6-7b7c-8c2f-a5d9-2c0f3e4b1a35"
            },
            "target": {
              "cell": "a1b2c3d4-e5f6-7890-abcd-ef1234567007"
            }
          },
          {
            "id": "edge-16",
            "shape": "entity-edge",
            "source": {
              "cell": "550e8400-e29b-41d4-a716-446655440005"
            },
            "target": {
              "cell": "d8e2c1a6-7b7c-8c2f-a5d9-2c0f3e4b1a35"
            }
          },
          {
            "id": "edge-17",
            "shape": "entity-edge",
            "source": {
              "cell": "cbe4b202-3ea6-4a2d-ae6f-42d063da36fc"
            },
            "target": {
              "cell": "d8e2c1a6-7b7c-8c2f-a5d9-2c0f3e4b1a35"
            }
          },
          {
            "id": "6482ff6f-7f48-4f8f-bf11-b57d09c47b39",
            "shape": "rank-node",
            "x": 300,
            "y": 2450,
            "attrs": {
              "title": {
                "text": "Эксперт"
              },
              "description": {
                "text": "Высокий уровень мастерства"
              }
            },
            "data": {
              "type": "rank",
              "name": "Эксперт",
              "description": "Высокий уровень мастерства",
              "required_experience": 1000,
              "color": "#9C27B0"
            }
          },
          {
            "id": "d8e2d1b6-7b7c-8c2a-a5e9-2a0b4f5f3b53",
            "shape": "mission-branch-node",
            "x": 2750,
            "y": 2570,
            "attrs": {
              "title": {
                "text": "Образовательная платформа"
              },
              "description": {
                "text": "Ветка миссий по созданию и развитию внутренней образовательной экосистемы."
              }
            },
            "data": {
              "type": "missionBranch",
              "name": "Образовательная платформа",
              "description": "Ветка миссий по созданию и развитию внутренней образовательной экосистемы.",
              "category": "Лекторий",
              "time_to_complete": 70
            }
          },
          {
            "id": "edge-18",
            "shape": "entity-edge",
            "source": {
              "cell": "6482ff6f-7f48-4f8f-bf11-b57d09c47b39"
            },
            "target": {
              "cell": "d8e2d1b6-7b7c-8c2a-a5e9-2a0b4f5f3b53"
            }
          },
          {
            "id": "d6e0d9d4-5c5d-6d0b-a3e7-0b8c2c3c1b71",
            "shape": "mission-node",
            "x": 5820,
            "y": 2720,
            "attrs": {
              "title": {
                "text": "Запуск менторской программы"
              },
              "description": {
                "text": "Опыт: 380, Валюта: 300"
              }
            },
            "data": {
              "type": "mission",
              "name": "Запуск менторской программы",
              "description": "Опыт: 380, Валюта: 300",
              "experience": 380,
              "currency": 300,
              "level": "Сложный",
              "is_key_mission": false
            }
          },
          {
            "id": "edge-19",
            "shape": "entity-edge",
            "source": {
              "cell": "d8e2d1b6-7b7c-8c2a-a5e9-2a0b4f5f3b53"
            },
            "target": {
              "cell": "d6e0d9d4-5c5d-6d0b-a3e7-0b8c2c3c1b71"
            }
          },
          {
            "id": "c5d9c8c3-4b4c-5c9d-f2d6-9a7f1b2b0a70",
            "shape": "mission-node",
            "x": 5560,
            "y": 2720,
            "attrs": {
              "title": {
                "text": "Создание учебного портала"
              },
              "description": {
                "text": "Опыт: 450, Валюта: 360"
              }
            },
            "data": {
              "type": "mission",
              "name": "Создание учебного портала",
              "description": "Опыт: 450, Валюта: 360",
              "experience": 450,
              "currency": 360,
              "level": "Экспертный",
              "is_key_mission": true
            }
          },
          {
            "id": "edge-20",
            "shape": "entity-edge",
            "source": {
              "cell": "d8e2d1b6-7b7c-8c2a-a5e9-2a0b4f5f3b53"
            },
            "target": {
              "cell": "c5d9c8c3-4b4c-5c9d-f2d6-9a7f1b2b0a70"
            }
          },
          {
            "id": "a1b2c3d4-e5f6-7890-abcd-ef1234567005",
            "shape": "competency-node",
            "x": 1140,
            "y": 2790,
            "attrs": {
              "title": {
                "text": "Общение"
              },
              "description": {
                "text": "Базовые навыки коммуникации с другими людьми"
              }
            },
            "data": {
              "type": "competency",
              "name": "Общение",
              "description": "Базовые навыки коммуникации с другими людьми",
              "level": 1,
              "required_experience": 60,
              "color": "#FF9800"
            }
          },
          {
            "id": "edge-21",
            "shape": "entity-edge",
            "source": {
              "cell": "c5d9c8c3-4b4c-5c9d-f2d6-9a7f1b2b0a70"
            },
            "target": {
              "cell": "a1b2c3d4-e5f6-7890-abcd-ef1234567005"
            }
          },
          {
            "id": "e3f7e6b1-2c2d-3d7b-b0f4-7b5c9a0a8c48",
            "shape": "mission-branch-node",
            "x": 1450,
            "y": 2690,
            "attrs": {
              "title": {
                "text": "Развитие лидерства"
              },
              "description": {
                "text": "Ветка миссий по выявлению и развитию лидерского потенциала среди сотрудников корпорации."
              }
            },
            "data": {
              "type": "missionBranch",
              "name": "Развитие лидерства",
              "description": "Ветка миссий по выявлению и развитию лидерского потенциала среди сотрудников корпорации.",
              "category": "Развитие",
              "time_to_complete": 60
            }
          },
          {
            "id": "edge-22",
            "shape": "entity-edge",
            "source": {
              "cell": "6482ff6f-7f48-4f8f-bf11-b57d09c47b39"
            },
            "target": {
              "cell": "e3f7e6b1-2c2d-3d7b-b0f4-7b5c9a0a8c48"
            }
          },
          {
            "id": "f6a0f9e4-5e5f-6f0a-c3a7-0f8c2b3e1d61",
            "shape": "mission-node",
            "x": 3220,
            "y": 2840,
            "attrs": {
              "title": {
                "text": "Менторская программа для лидеров"
              },
              "description": {
                "text": "Опыт: 400, Валюта: 320"
              }
            },
            "data": {
              "type": "mission",
              "name": "Менторская программа для лидеров",
              "description": "Опыт: 400, Валюта: 320",
              "experience": 400,
              "currency": 320,
              "level": "Экспертный",
              "is_key_mission": false
            }
          },
          {
            "id": "edge-23",
            "shape": "entity-edge",
            "source": {
              "cell": "e3f7e6b1-2c2d-3d7b-b0f4-7b5c9a0a8c48"
            },
            "target": {
              "cell": "f6a0f9e4-5e5f-6f0a-c3a7-0f8c2b3e1d61"
            }
          },
          {
            "id": "e5f9e8d3-4d4e-5e9d-b2f6-9e7b1a2d0c60",
            "shape": "mission-node",
            "x": 2960,
            "y": 2840,
            "attrs": {
              "title": {
                "text": "Выявление будущих лидеров"
              },
              "description": {
                "text": "Опыт: 350, Валюта: 280"
              }
            },
            "data": {
              "type": "mission",
              "name": "Выявление будущих лидеров",
              "description": "Опыт: 350, Валюта: 280",
              "experience": 350,
              "currency": 280,
              "level": "Экспертный",
              "is_key_mission": true
            }
          },
          {
            "id": "edge-24",
            "shape": "entity-edge",
            "source": {
              "cell": "e3f7e6b1-2c2d-3d7b-b0f4-7b5c9a0a8c48"
            },
            "target": {
              "cell": "e5f9e8d3-4d4e-5e9d-b2f6-9e7b1a2d0c60"
            }
          },
          {
            "id": "550e8400-e29b-41d4-a716-446655440007",
            "shape": "artefact-node",
            "x": 1660,
            "y": 2920,
            "attrs": {
              "title": {
                "text": "Дипломатическая печать Альянса \"Платина\""
              },
              "description": {
                "text": "Высшая степень доверия, выдаваемая пилотам, оказавшим неоценимые услуги Альянсу. Предоставляет доступ к закрытым правительственным аукционам и складам с передовым оборудованием по себестоимости."
              }
            },
            "data": {
              "type": "artefact",
              "name": "Дипломатическая печать Альянса \"Платина\"",
              "description": "Высшая степень доверия, выдаваемая пилотам, оказавшим неоценимые услуги Альянсу. Предоставляет доступ к закрытым правительственным аукционам и складам с передовым оборудованием по себестоимости.",
              "modifier": "SHOP_DISCOUNT",
              "modifier_value": 20
            }
          },
          {
            "id": "edge-25",
            "shape": "entity-edge",
            "source": {
              "cell": "e5f9e8d3-4d4e-5e9d-b2f6-9e7b1a2d0c60"
            },
            "target": {
              "cell": "550e8400-e29b-41d4-a716-446655440007"
            }
          },
          {
            "id": "a1b2c3d4-e5f6-7890-abcd-ef1234567009",
            "shape": "competency-node",
            "x": 2180,
            "y": 2360,
            "attrs": {
              "title": {
                "text": "Командование"
              },
              "description": {
                "text": "Базовые навыки управления командой"
              }
            },
            "data": {
              "type": "competency",
              "name": "Командование",
              "description": "Базовые навыки управления командой",
              "level": 1,
              "required_experience": 200,
              "color": "#F44336"
            }
          },
          {
            "id": "edge-26",
            "shape": "entity-edge",
            "source": {
              "cell": "e5f9e8d3-4d4e-5e9d-b2f6-9e7b1a2d0c60"
            },
            "target": {
              "cell": "a1b2c3d4-e5f6-7890-abcd-ef1234567009"
            }
          },
          {
            "id": "b6c0a9e4-5f5a-6a0d-e3b7-0a8d1a2c9e33",
            "shape": "event-node",
            "x": 300,
            "y": 3020,
            "attrs": {
              "title": {
                "text": "Создание голографического HR-портала"
              },
              "description": {
                "text": "Разработка интерактивного портала для кандидатов с полным погружением."
              }
            },
            "data": {
              "type": "event",
              "name": "Создание голографического HR-портала",
              "description": "Разработка интерактивного портала для кандидатов с полным погружением.",
              "experience": 650,
              "currency": 550,
              "category": "Бренд работодателя",
              "required_number": 4
            }
          },
          {
            "id": "550e8400-e29b-41d4-a716-446655440010",
            "shape": "artefact-node",
            "x": 2440,
            "y": 3100,
            "attrs": {
              "title": {
                "text": "Сертификат аккредитации пилота-первопроходца"
              },
              "description": {
                "text": "Официальный документ, дающий право претендовать на первопроходческие миссии по картографированию новых систем и право давать имена открытым объектам. Символ статуса и доверия Альянса."
              }
            },
            "data": {
              "type": "artefact",
              "name": "Сертификат аккредитации пилота-первопроходца",
              "description": "Официальный документ, дающий право претендовать на первопроходческие миссии по картографированию новых систем и право давать имена открытым объектам. Символ статуса и доверия Альянса.",
              "modifier": "DEFAULT",
              "modifier_value": 0
            }
          },
          {
            "id": "edge-27",
            "shape": "entity-edge",
            "source": {
              "cell": "b6c0a9e4-5f5a-6a0d-e3b7-0a8d1a2c9e33"
            },
            "target": {
              "cell": "550e8400-e29b-41d4-a716-446655440010"
            }
          },
          {
            "id": "edge-28",
            "shape": "entity-edge",
            "source": {
              "cell": "550e8400-e29b-41d4-a716-446655440007"
            },
            "target": {
              "cell": "b6c0a9e4-5f5a-6a0d-e3b7-0a8d1a2c9e33"
            }
          },
          {
            "id": "edge-29",
            "shape": "entity-edge",
            "source": {
              "cell": "6482ff6f-7f48-4f8f-bf11-b57d09c47b39"
            },
            "target": {
              "cell": "b6c0a9e4-5f5a-6a0d-e3b7-0a8d1a2c9e33"
            }
          },
          {
            "id": "d2e6c5a0-1b1c-2c6f-a9d3-6b4f7c8e5a29",
            "shape": "event-node",
            "x": 300,
            "y": 3120,
            "attrs": {
              "title": {
                "text": "Коучинг для космических лидеров"
              },
              "description": {
                "text": "Индивидуальные сессии развития лидерских качеств для управления межпланетными командами."
              }
            },
            "data": {
              "type": "event",
              "name": "Коучинг для космических лидеров",
              "description": "Индивидуальные сессии развития лидерских качеств для управления межпланетными командами.",
              "experience": 700,
              "currency": 500,
              "category": "Развитие",
              "required_number": 3
            }
          },
          {
            "id": "a1b2c3d4-e5f6-7890-abcd-ef1234567009",
            "shape": "competency-node",
            "x": 2180,
            "y": 2360,
            "attrs": {
              "title": {
                "text": "Командование"
              },
              "description": {
                "text": "Базовые навыки управления командой"
              }
            },
            "data": {
              "type": "competency",
              "name": "Командование",
              "description": "Базовые навыки управления командой",
              "level": 1,
              "required_experience": 200,
              "color": "#F44336"
            }
          },
          {
            "id": "edge-30",
            "shape": "entity-edge",
            "source": {
              "cell": "d2e6c5a0-1b1c-2c6f-a9d3-6b4f7c8e5a29"
            },
            "target": {
              "cell": "a1b2c3d4-e5f6-7890-abcd-ef1234567009"
            }
          },
          {
            "id": "edge-31",
            "shape": "entity-edge",
            "source": {
              "cell": "550e8400-e29b-41d4-a716-446655440007"
            },
            "target": {
              "cell": "d2e6c5a0-1b1c-2c6f-a9d3-6b4f7c8e5a29"
            }
          },
          {
            "id": "edge-32",
            "shape": "entity-edge",
            "source": {
              "cell": "6482ff6f-7f48-4f8f-bf11-b57d09c47b39"
            },
            "target": {
              "cell": "d2e6c5a0-1b1c-2c6f-a9d3-6b4f7c8e5a29"
            }
          },
          {
            "id": "a9b3f2c7-8d8e-9f3c-d6a0-3e1c4f5b2d26",
            "shape": "event-node",
            "x": 300,
            "y": 3220,
            "attrs": {
              "title": {
                "text": "Квантовый анализ талантов"
              },
              "description": {
                "text": "Внедрение квантовых алгоритмов для прогнозирования успешности кандидатов."
              }
            },
            "data": {
              "type": "event",
              "name": "Квантовый анализ талантов",
              "description": "Внедрение квантовых алгоритмов для прогнозирования успешности кандидатов.",
              "experience": 800,
              "currency": 600,
              "category": "Процессы и аналитика",
              "required_number": 2
            }
          },
          {
            "id": "a1b2c3d4-e5f6-7890-abcd-ef1234567007",
            "shape": "competency-node",
            "x": 1660,
            "y": 3520,
            "attrs": {
              "title": {
                "text": "Аналитика"
              },
              "description": {
                "text": "Базовые навыки анализа информации и принятия решений"
              }
            },
            "data": {
              "type": "competency",
              "name": "Аналитика",
              "description": "Базовые навыки анализа информации и принятия решений",
              "level": 1,
              "required_experience": 120,
              "color": "#9C27B0"
            }
          },
          {
            "id": "edge-33",
            "shape": "entity-edge",
            "source": {
              "cell": "a9b3f2c7-8d8e-9f3c-d6a0-3e1c4f5b2d26"
            },
            "target": {
              "cell": "a1b2c3d4-e5f6-7890-abcd-ef1234567007"
            }
          },
          {
            "id": "550e8400-e29b-41d4-a716-446655440003",
            "shape": "artefact-node",
            "x": 620,
            "y": 3300,
            "attrs": {
              "title": {
                "text": "Кристалл памяти Кс'арратхов"
              },
              "description": {
                "text": "Артефакт загадочной инопланетной расы Кс'арратхов, способный хранить и передавать ментальные импринты навыков. При контакте дарует пользователю фрагменты чуждого, но невероятно продвинутого знания."
              }
            },
            "data": {
              "type": "artefact",
              "name": "Кристалл памяти Кс'арратхов",
              "description": "Артефакт загадочной инопланетной расы Кс'арратхов, способный хранить и передавать ментальные импринты навыков. При контакте дарует пользователю фрагменты чуждого, но невероятно продвинутого знания.",
              "modifier": "EXPERIENCE_GAIN",
              "modifier_value": 20
            }
          },
          {
            "id": "edge-34",
            "shape": "entity-edge",
            "source": {
              "cell": "a9b3f2c7-8d8e-9f3c-d6a0-3e1c4f5b2d26"
            },
            "target": {
              "cell": "550e8400-e29b-41d4-a716-446655440003"
            }
          },
          {
            "id": "edge-35",
            "shape": "entity-edge",
            "source": {
              "cell": "550e8400-e29b-41d4-a716-446655440007"
            },
            "target": {
              "cell": "a9b3f2c7-8d8e-9f3c-d6a0-3e1c4f5b2d26"
            }
          },
          {
            "id": "edge-36",
            "shape": "entity-edge",
            "source": {
              "cell": "6482ff6f-7f48-4f8f-bf11-b57d09c47b39"
            },
            "target": {
              "cell": "a9b3f2c7-8d8e-9f3c-d6a0-3e1c4f5b2d26"
            }
          },
          {
            "id": "c6103b75-1622-4b9a-8b0c-0efc9be95157",
            "shape": "rank-node",
            "x": 300,
            "y": 2810,
            "attrs": {
              "title": {
                "text": "Специалист"
              },
              "description": {
                "text": "Углубленные знания в конкретных областях"
              }
            },
            "data": {
              "type": "rank",
              "name": "Специалист",
              "description": "Углубленные знания в конкретных областях",
              "required_experience": 600,
              "color": "#FF9800"
            }
          },
          {
            "id": "f0a4f3d8-9d9e-0e4a-c7a1-4c2d6b7b5d55",
            "shape": "mission-branch-node",
            "x": 3270,
            "y": 2930,
            "attrs": {
              "title": {
                "text": "Космическая адаптация"
              },
              "description": {
                "text": "Специализированная ветка по адаптации персонала к работе в экстремальных условиях космоса."
              }
            },
            "data": {
              "type": "missionBranch",
              "name": "Космическая адаптация",
              "description": "Специализированная ветка по адаптации персонала к работе в экстремальных условиях космоса.",
              "category": "Адаптация",
              "time_to_complete": 42
            }
          },
          {
            "id": "edge-37",
            "shape": "entity-edge",
            "source": {
              "cell": "c6103b75-1622-4b9a-8b0c-0efc9be95157"
            },
            "target": {
              "cell": "f0a4f3d8-9d9e-0e4a-c7a1-4c2d6b7b5d55"
            }
          },
          {
            "id": "b0c4b3b8-9a9b-0b4d-e7d1-4f2a6a7a5f75",
            "shape": "mission-node",
            "x": 6860,
            "y": 3080,
            "attrs": {
              "title": {
                "text": "Психологическая адаптация к изоляции"
              },
              "description": {
                "text": "Опыт: 320, Валюта: 260"
              }
            },
            "data": {
              "type": "mission",
              "name": "Психологическая адаптация к изоляции",
              "description": "Опыт: 320, Валюта: 260",
              "experience": 320,
              "currency": 260,
              "level": "Сложный",
              "is_key_mission": false
            }
          },
          {
            "id": "edge-38",
            "shape": "entity-edge",
            "source": {
              "cell": "f0a4f3d8-9d9e-0e4a-c7a1-4c2d6b7b5d55"
            },
            "target": {
              "cell": "b0c4b3b8-9a9b-0b4d-e7d1-4f2a6a7a5f75"
            }
          },
          {
            "id": "a9b3a2a7-8f8a-9a3d-d6c0-3e1f5f6f4e74",
            "shape": "mission-node",
            "x": 6600,
            "y": 3080,
            "attrs": {
              "title": {
                "text": "Подготовка к работе в невесомости"
              },
              "description": {
                "text": "Опыт: 280, Валюта: 220"
              }
            },
            "data": {
              "type": "mission",
              "name": "Подготовка к работе в невесомости",
              "description": "Опыт: 280, Валюта: 220",
              "experience": 280,
              "currency": 220,
              "level": "Сложный",
              "is_key_mission": true
            }
          },
          {
            "id": "edge-39",
            "shape": "entity-edge",
            "source": {
              "cell": "f0a4f3d8-9d9e-0e4a-c7a1-4c2d6b7b5d55"
            },
            "target": {
              "cell": "a9b3a2a7-8f8a-9a3d-d6c0-3e1f5f6f4e74"
            }
          },
          {
            "id": "a1b2c3d4-e5f6-7890-abcd-ef1234567017",
            "shape": "competency-node",
            "x": 4260,
            "y": 3340,
            "attrs": {
              "title": {
                "text": "Основы аэронавигации"
              },
              "description": {
                "text": "Базовые принципы навигации в воздушном пространстве"
              }
            },
            "data": {
              "type": "competency",
              "name": "Основы аэронавигации",
              "description": "Базовые принципы навигации в воздушном пространстве",
              "level": 1,
              "required_experience": 250,
              "color": "#607D8B"
            }
          },
          {
            "id": "edge-40",
            "shape": "entity-edge",
            "source": {
              "cell": "a9b3a2a7-8f8a-9a3d-d6c0-3e1f5f6f4e74"
            },
            "target": {
              "cell": "a1b2c3d4-e5f6-7890-abcd-ef1234567017"
            }
          },
          {
            "id": "a5b9a8d3-4e4f-5f9d-d2b6-9d7e1c2c0e50",
            "shape": "mission-branch-node",
            "x": 1970,
            "y": 3050,
            "attrs": {
              "title": {
                "text": "HR-аналитика и метрики"
              },
              "description": {
                "text": "Ветка миссий по внедрению аналитических инструментов и работе с HR-метриками."
              }
            },
            "data": {
              "type": "missionBranch",
              "name": "HR-аналитика и метрики",
              "description": "Ветка миссий по внедрению аналитических инструментов и работе с HR-метриками.",
              "category": "Процессы и аналитика",
              "time_to_complete": 50
            }
          },
          {
            "id": "edge-41",
            "shape": "entity-edge",
            "source": {
              "cell": "c6103b75-1622-4b9a-8b0c-0efc9be95157"
            },
            "target": {
              "cell": "a5b9a8d3-4e4f-5f9d-d2b6-9d7e1c2c0e50"
            }
          },
          {
            "id": "d0e4d3d8-9c9d-0d4e-a7e1-4c2a6c7c5b65",
            "shape": "mission-node",
            "x": 4260,
            "y": 3200,
            "attrs": {
              "title": {
                "text": "Анализ текучести кадров"
              },
              "description": {
                "text": "Опыт: 250, Валюта: 200"
              }
            },
            "data": {
              "type": "mission",
              "name": "Анализ текучести кадров",
              "description": "Опыт: 250, Валюта: 200",
              "experience": 250,
              "currency": 200,
              "level": "Сложный",
              "is_key_mission": false
            }
          },
          {
            "id": "edge-42",
            "shape": "entity-edge",
            "source": {
              "cell": "a5b9a8d3-4e4f-5f9d-d2b6-9d7e1c2c0e50"
            },
            "target": {
              "cell": "d0e4d3d8-9c9d-0d4e-a7e1-4c2a6c7c5b65"
            }
          },
          {
            "id": "c9d3c2c7-8b8c-9c3d-f6d0-3c1f5b6b4a64",
            "shape": "mission-node",
            "x": 4000,
            "y": 3200,
            "attrs": {
              "title": {
                "text": "Внедрение HR-дашборда"
              },
              "description": {
                "text": "Опыт: 300, Валюта: 240"
              }
            },
            "data": {
              "type": "mission",
              "name": "Внедрение HR-дашборда",
              "description": "Опыт: 300, Валюта: 240",
              "experience": 300,
              "currency": 240,
              "level": "Сложный",
              "is_key_mission": true
            }
          },
          {
            "id": "edge-43",
            "shape": "entity-edge",
            "source": {
              "cell": "a5b9a8d3-4e4f-5f9d-d2b6-9d7e1c2c0e50"
            },
            "target": {
              "cell": "c9d3c2c7-8b8c-9c3d-f6d0-3c1f5b6b4a64"
            }
          },
          {
            "id": "550e8400-e29b-41d4-a716-446655440003",
            "shape": "artefact-node",
            "x": 620,
            "y": 3300,
            "attrs": {
              "title": {
                "text": "Кристалл памяти Кс'арратхов"
              },
              "description": {
                "text": "Артефакт загадочной инопланетной расы Кс'арратхов, способный хранить и передавать ментальные импринты навыков. При контакте дарует пользователю фрагменты чуждого, но невероятно продвинутого знания."
              }
            },
            "data": {
              "type": "artefact",
              "name": "Кристалл памяти Кс'арратхов",
              "description": "Артефакт загадочной инопланетной расы Кс'арратхов, способный хранить и передавать ментальные импринты навыков. При контакте дарует пользователю фрагменты чуждого, но невероятно продвинутого знания.",
              "modifier": "EXPERIENCE_GAIN",
              "modifier_value": 20
            }
          },
          {
            "id": "edge-44",
            "shape": "entity-edge",
            "source": {
              "cell": "c9d3c2c7-8b8c-9c3d-f6d0-3c1f5b6b4a64"
            },
            "target": {
              "cell": "550e8400-e29b-41d4-a716-446655440003"
            }
          },
          {
            "id": "a1b2c3d4-e5f6-7890-abcd-ef1234567007",
            "shape": "competency-node",
            "x": 1660,
            "y": 3520,
            "attrs": {
              "title": {
                "text": "Аналитика"
              },
              "description": {
                "text": "Базовые навыки анализа информации и принятия решений"
              }
            },
            "data": {
              "type": "competency",
              "name": "Аналитика",
              "description": "Базовые навыки анализа информации и принятия решений",
              "level": 1,
              "required_experience": 120,
              "color": "#9C27B0"
            }
          },
          {
            "id": "edge-45",
            "shape": "entity-edge",
            "source": {
              "cell": "c9d3c2c7-8b8c-9c3d-f6d0-3c1f5b6b4a64"
            },
            "target": {
              "cell": "a1b2c3d4-e5f6-7890-abcd-ef1234567007"
            }
          },
          {
            "id": "c1d5c4f9-0a0b-1b5f-f8d2-5f3a7d8e6a46",
            "shape": "mission-branch-node",
            "x": 930,
            "y": 3170,
            "attrs": {
              "title": {
                "text": "Оценка и развитие талантов"
              },
              "description": {
                "text": "Ветка миссий по созданию систем оценки компетенций и развитию потенциала сотрудников."
              }
            },
            "data": {
              "type": "missionBranch",
              "name": "Оценка и развитие талантов",
              "description": "Ветка миссий по созданию систем оценки компетенций и развитию потенциала сотрудников.",
              "category": "Оценка",
              "time_to_complete": 40
            }
          },
          {
            "id": "edge-46",
            "shape": "entity-edge",
            "source": {
              "cell": "c6103b75-1622-4b9a-8b0c-0efc9be95157"
            },
            "target": {
              "cell": "c1d5c4f9-0a0b-1b5f-f8d2-5f3a7d8e6a46"
            }
          },
          {
            "id": "b2c6b5a0-1a1b-2b6a-e9c3-6b4e8d9a7f57",
            "shape": "mission-node",
            "x": 2180,
            "y": 3320,
            "attrs": {
              "title": {
                "text": "Проведение 360-градусной оценки"
              },
              "description": {
                "text": "Опыт: 280, Валюта: 220"
              }
            },
            "data": {
              "type": "mission",
              "name": "Проведение 360-градусной оценки",
              "description": "Опыт: 280, Валюта: 220",
              "experience": 280,
              "currency": 220,
              "level": "Сложный",
              "is_key_mission": false
            }
          },
          {
            "id": "edge-47",
            "shape": "entity-edge",
            "source": {
              "cell": "c1d5c4f9-0a0b-1b5f-f8d2-5f3a7d8e6a46"
            },
            "target": {
              "cell": "b2c6b5a0-1a1b-2b6a-e9c3-6b4e8d9a7f57"
            }
          },
          {
            "id": "a1b5a4e9-0f0a-1a5f-d8b2-5a3d7c8f6e56",
            "shape": "mission-node",
            "x": 1920,
            "y": 3320,
            "attrs": {
              "title": {
                "text": "Разработка матрицы компетенций"
              },
              "description": {
                "text": "Опыт: 220, Валюта: 180"
              }
            },
            "data": {
              "type": "mission",
              "name": "Разработка матрицы компетенций",
              "description": "Опыт: 220, Валюта: 180",
              "experience": 220,
              "currency": 180,
              "level": "Сложный",
              "is_key_mission": true
            }
          },
          {
            "id": "edge-48",
            "shape": "entity-edge",
            "source": {
              "cell": "c1d5c4f9-0a0b-1b5f-f8d2-5f3a7d8e6a46"
            },
            "target": {
              "cell": "a1b5a4e9-0f0a-1a5f-d8b2-5a3d7c8f6e56"
            }
          },
          {
            "id": "a1b2c3d4-e5f6-7890-abcd-ef1234567007",
            "shape": "competency-node",
            "x": 1660,
            "y": 3520,
            "attrs": {
              "title": {
                "text": "Аналитика"
              },
              "description": {
                "text": "Базовые навыки анализа информации и принятия решений"
              }
            },
            "data": {
              "type": "competency",
              "name": "Аналитика",
              "description": "Базовые навыки анализа информации и принятия решений",
              "level": 1,
              "required_experience": 120,
              "color": "#9C27B0"
            }
          },
          {
            "id": "edge-49",
            "shape": "entity-edge",
            "source": {
              "cell": "a1b5a4e9-0f0a-1a5f-d8b2-5a3d7c8f6e56"
            },
            "target": {
              "cell": "a1b2c3d4-e5f6-7890-abcd-ef1234567007"
            }
          },
          {
            "id": "e9f3d2b7-8c8d-9d3a-b6e0-3d1a4f5c2b36",
            "shape": "event-node",
            "x": 300,
            "y": 3490,
            "attrs": {
              "title": {
                "text": "Симулятор первого контакта"
              },
              "description": {
                "text": "Тренинг по рекрутингу представителей новооткрытых цивилизаций."
              }
            },
            "data": {
              "type": "event",
              "name": "Симулятор первого контакта",
              "description": "Тренинг по рекрутингу представителей новооткрытых цивилизаций.",
              "experience": 400,
              "currency": 320,
              "category": "Симулятор",
              "required_number": 6
            }
          },
          {
            "id": "edge-50",
            "shape": "entity-edge",
            "source": {
              "cell": "550e8400-e29b-41d4-a716-446655440003"
            },
            "target": {
              "cell": "e9f3d2b7-8c8d-9d3a-b6e0-3d1a4f5c2b36"
            }
          },
          {
            "id": "edge-51",
            "shape": "entity-edge",
            "source": {
              "cell": "c6103b75-1622-4b9a-8b0c-0efc9be95157"
            },
            "target": {
              "cell": "e9f3d2b7-8c8d-9d3a-b6e0-3d1a4f5c2b36"
            }
          },
          {
            "id": "e3f7d6b1-2c2d-3d7a-b0e4-7c5a8d9f6b30",
            "shape": "event-node",
            "x": 300,
            "y": 3590,
            "attrs": {
              "title": {
                "text": "Хакатон HR-инноваций"
              },
              "description": {
                "text": "48-часовой марафон по созданию революционных HR-решений для космической эры."
              }
            },
            "data": {
              "type": "event",
              "name": "Хакатон HR-инноваций",
              "description": "48-часовой марафон по созданию революционных HR-решений для космической эры.",
              "experience": 550,
              "currency": 450,
              "category": "Процессы и аналитика",
              "required_number": 5
            }
          },
          {
            "id": "edge-52",
            "shape": "entity-edge",
            "source": {
              "cell": "550e8400-e29b-41d4-a716-446655440003"
            },
            "target": {
              "cell": "e3f7d6b1-2c2d-3d7a-b0e4-7c5a8d9f6b30"
            }
          },
          {
            "id": "edge-53",
            "shape": "entity-edge",
            "source": {
              "cell": "c6103b75-1622-4b9a-8b0c-0efc9be95157"
            },
            "target": {
              "cell": "e3f7d6b1-2c2d-3d7a-b0e4-7c5a8d9f6b30"
            }
          },
          {
            "id": "c1d5b4e9-0a0b-1b5e-f8c2-5a3e6b7d4f28",
            "shape": "event-node",
            "x": 300,
            "y": 3690,
            "attrs": {
              "title": {
                "text": "Межпланетная ярмарка вакансий"
              },
              "description": {
                "text": "Крупнейшее событие по привлечению талантов со всех планет Альянса."
              }
            },
            "data": {
              "type": "event",
              "name": "Межпланетная ярмарка вакансий",
              "description": "Крупнейшее событие по привлечению талантов со всех планет Альянса.",
              "experience": 450,
              "currency": 400,
              "category": "Рекрутинг",
              "required_number": 7
            }
          },
          {
            "id": "550e8400-e29b-41d4-a716-446655440004",
            "shape": "artefact-node",
            "x": 880,
            "y": 3770,
            "attrs": {
              "title": {
                "text": "Квантовый трейдер \"Удача Звездного Кита\""
              },
              "description": {
                "text": "Портативное устройство, использующее квантовую запутанность для анализа межпланетных бирж за доли секунды до обновления котировок. Позволяет находить самые выгодные торговые арбитражные возможности."
              }
            },
            "data": {
              "type": "artefact",
              "name": "Квантовый трейдер \"Удача Звездного Кита\"",
              "description": "Портативное устройство, использующее квантовую запутанность для анализа межпланетных бирж за доли секунды до обновления котировок. Позволяет находить самые выгодные торговые арбитражные возможности.",
              "modifier": "CURRENCY_GAIN",
              "modifier_value": 15
            }
          },
          {
            "id": "edge-54",
            "shape": "entity-edge",
            "source": {
              "cell": "c1d5b4e9-0a0b-1b5e-f8c2-5a3e6b7d4f28"
            },
            "target": {
              "cell": "550e8400-e29b-41d4-a716-446655440004"
            }
          },
          {
            "id": "edge-55",
            "shape": "entity-edge",
            "source": {
              "cell": "550e8400-e29b-41d4-a716-446655440003"
            },
            "target": {
              "cell": "c1d5b4e9-0a0b-1b5e-f8c2-5a3e6b7d4f28"
            }
          },
          {
            "id": "edge-56",
            "shape": "entity-edge",
            "source": {
              "cell": "c6103b75-1622-4b9a-8b0c-0efc9be95157"
            },
            "target": {
              "cell": "c1d5b4e9-0a0b-1b5e-f8c2-5a3e6b7d4f28"
            }
          },
          {
            "id": "c5d9b8e3-4f4a-5b9e-f2b6-9a7e0b1d8f22",
            "shape": "event-node",
            "x": 300,
            "y": 3790,
            "attrs": {
              "title": {
                "text": "Марафон проектных презентаций"
              },
              "description": {
                "text": "Защита инновационных HR-проектов перед советом директоров корпорации."
              }
            },
            "data": {
              "type": "event",
              "name": "Марафон проектных презентаций",
              "description": "Защита инновационных HR-проектов перед советом директоров корпорации.",
              "experience": 500,
              "currency": 350,
              "category": "Развитие",
              "required_number": 4
            }
          },
          {
            "id": "a1b2c3d4-e5f6-7890-abcd-ef1234567009",
            "shape": "competency-node",
            "x": 2180,
            "y": 2360,
            "attrs": {
              "title": {
                "text": "Командование"
              },
              "description": {
                "text": "Базовые навыки управления командой"
              }
            },
            "data": {
              "type": "competency",
              "name": "Командование",
              "description": "Базовые навыки управления командой",
              "level": 1,
              "required_experience": 200,
              "color": "#F44336"
            }
          },
          {
            "id": "edge-57",
            "shape": "entity-edge",
            "source": {
              "cell": "c5d9b8e3-4f4a-5b9e-f2b6-9a7e0b1d8f22"
            },
            "target": {
              "cell": "a1b2c3d4-e5f6-7890-abcd-ef1234567009"
            }
          },
          {
            "id": "edge-58",
            "shape": "entity-edge",
            "source": {
              "cell": "550e8400-e29b-41d4-a716-446655440003"
            },
            "target": {
              "cell": "c5d9b8e3-4f4a-5b9e-f2b6-9a7e0b1d8f22"
            }
          },
          {
            "id": "edge-59",
            "shape": "entity-edge",
            "source": {
              "cell": "c6103b75-1622-4b9a-8b0c-0efc9be95157"
            },
            "target": {
              "cell": "c5d9b8e3-4f4a-5b9e-f2b6-9a7e0b1d8f22"
            }
          },
          {
            "id": "550e8400-e29b-41d4-a716-446655440031",
            "shape": "event-node",
            "x": 300,
            "y": 3890,
            "attrs": {
              "title": {
                "text": "HR-аналитика: сбор и обработка метрик отбора"
              },
              "description": {
                "text": "Масштабный проект по анализу эффективности рекрутинговых процессов. Сбор данных, построение отчетов и выработка рекомендаций по оптимизации."
              }
            },
            "data": {
              "type": "event",
              "name": "HR-аналитика: сбор и обработка метрик отбора",
              "description": "Масштабный проект по анализу эффективности рекрутинговых процессов. Сбор данных, построение отчетов и выработка рекомендаций по оптимизации.",
              "experience": 600,
              "currency": 400,
              "category": "Процессы и аналитика",
              "required_number": 3
            }
          },
          {
            "id": "a1b2c3d4-e5f6-7890-abcd-ef1234567015",
            "shape": "competency-node",
            "x": 3740,
            "y": 2320,
            "attrs": {
              "title": {
                "text": "Базовая экономика"
              },
              "description": {
                "text": "Основные понятия экономики и финансов"
              }
            },
            "data": {
              "type": "competency",
              "name": "Базовая экономика",
              "description": "Основные понятия экономики и финансов",
              "level": 1,
              "required_experience": 90,
              "color": "#795548"
            }
          },
          {
            "id": "edge-60",
            "shape": "entity-edge",
            "source": {
              "cell": "550e8400-e29b-41d4-a716-446655440031"
            },
            "target": {
              "cell": "a1b2c3d4-e5f6-7890-abcd-ef1234567015"
            }
          },
          {
            "id": "a1b2c3d4-e5f6-7890-abcd-ef1234567007",
            "shape": "competency-node",
            "x": 1660,
            "y": 3520,
            "attrs": {
              "title": {
                "text": "Аналитика"
              },
              "description": {
                "text": "Базовые навыки анализа информации и принятия решений"
              }
            },
            "data": {
              "type": "competency",
              "name": "Аналитика",
              "description": "Базовые навыки анализа информации и принятия решений",
              "level": 1,
              "required_experience": 120,
              "color": "#9C27B0"
            }
          },
          {
            "id": "edge-61",
            "shape": "entity-edge",
            "source": {
              "cell": "550e8400-e29b-41d4-a716-446655440031"
            },
            "target": {
              "cell": "a1b2c3d4-e5f6-7890-abcd-ef1234567007"
            }
          },
          {
            "id": "550e8400-e29b-41d4-a716-446655440003",
            "shape": "artefact-node",
            "x": 620,
            "y": 3300,
            "attrs": {
              "title": {
                "text": "Кристалл памяти Кс'арратхов"
              },
              "description": {
                "text": "Артефакт загадочной инопланетной расы Кс'арратхов, способный хранить и передавать ментальные импринты навыков. При контакте дарует пользователю фрагменты чуждого, но невероятно продвинутого знания."
              }
            },
            "data": {
              "type": "artefact",
              "name": "Кристалл памяти Кс'арратхов",
              "description": "Артефакт загадочной инопланетной расы Кс'арратхов, способный хранить и передавать ментальные импринты навыков. При контакте дарует пользователю фрагменты чуждого, но невероятно продвинутого знания.",
              "modifier": "EXPERIENCE_GAIN",
              "modifier_value": 20
            }
          },
          {
            "id": "edge-62",
            "shape": "entity-edge",
            "source": {
              "cell": "550e8400-e29b-41d4-a716-446655440031"
            },
            "target": {
              "cell": "550e8400-e29b-41d4-a716-446655440003"
            }
          },
          {
            "id": "edge-63",
            "shape": "entity-edge",
            "source": {
              "cell": "550e8400-e29b-41d4-a716-446655440003"
            },
            "target": {
              "cell": "550e8400-e29b-41d4-a716-446655440031"
            }
          },
          {
            "id": "edge-64",
            "shape": "entity-edge",
            "source": {
              "cell": "c6103b75-1622-4b9a-8b0c-0efc9be95157"
            },
            "target": {
              "cell": "550e8400-e29b-41d4-a716-446655440031"
            }
          },
          {
            "id": "4f14c510-e388-42f3-b47a-70e2f281be87",
            "shape": "rank-node",
            "x": 300,
            "y": 2510,
            "attrs": {
              "title": {
                "text": "Опытный"
              },
              "description": {
                "text": "Уверенно владеет основными навыками"
              }
            },
            "data": {
              "type": "rank",
              "name": "Опытный",
              "description": "Уверенно владеет основными навыками",
              "required_experience": 300,
              "color": "#2196F3"
            }
          },
          {
            "id": "f4a8f7c2-3d3e-4e8c-c1a5-8c6d0b1b9d49",
            "shape": "mission-branch-node",
            "x": 1710,
            "y": 2630,
            "attrs": {
              "title": {
                "text": "Командообразование"
              },
              "description": {
                "text": "Ветка миссий по укреплению командного духа и развитию синергии между отделами."
              }
            },
            "data": {
              "type": "missionBranch",
              "name": "Командообразование",
              "description": "Ветка миссий по укреплению командного духа и развитию синергии между отделами.",
              "category": "Тимбилдинг",
              "time_to_complete": 35
            }
          },
          {
            "id": "edge-65",
            "shape": "entity-edge",
            "source": {
              "cell": "4f14c510-e388-42f3-b47a-70e2f281be87"
            },
            "target": {
              "cell": "f4a8f7c2-3d3e-4e8c-c1a5-8c6d0b1b9d49"
            }
          },
          {
            "id": "b8c2b1b6-7a7b-8b2c-e5c9-2b0e4d5a3f63",
            "shape": "mission-node",
            "x": 3740,
            "y": 2780,
            "attrs": {
              "title": {
                "text": "Космический тимбилдинг"
              },
              "description": {
                "text": "Опыт: 180, Валюта: 150"
              }
            },
            "data": {
              "type": "mission",
              "name": "Космический тимбилдинг",
              "description": "Опыт: 180, Валюта: 150",
              "experience": 180,
              "currency": 150,
              "level": "Сложный",
              "is_key_mission": false
            }
          },
          {
            "id": "edge-66",
            "shape": "entity-edge",
            "source": {
              "cell": "f4a8f7c2-3d3e-4e8c-c1a5-8c6d0b1b9d49"
            },
            "target": {
              "cell": "b8c2b1b6-7a7b-8b2c-e5c9-2b0e4d5a3f63"
            }
          },
          {
            "id": "a7b1a0a5-6f6a-7a1b-d4b8-1a9d3c4f2e62",
            "shape": "mission-node",
            "x": 3480,
            "y": 2780,
            "attrs": {
              "title": {
                "text": "Организация квеста для команды"
              },
              "description": {
                "text": "Опыт: 140, Валюта: 110"
              }
            },
            "data": {
              "type": "mission",
              "name": "Организация квеста для команды",
              "description": "Опыт: 140, Валюта: 110",
              "experience": 140,
              "currency": 110,
              "level": "Средний",
              "is_key_mission": true
            }
          },
          {
            "id": "edge-67",
            "shape": "entity-edge",
            "source": {
              "cell": "f4a8f7c2-3d3e-4e8c-c1a5-8c6d0b1b9d49"
            },
            "target": {
              "cell": "a7b1a0a5-6f6a-7a1b-d4b8-1a9d3c4f2e62"
            }
          },
          {
            "id": "a1b2c3d4-e5f6-7890-abcd-ef1234567005",
            "shape": "competency-node",
            "x": 1140,
            "y": 2790,
            "attrs": {
              "title": {
                "text": "Общение"
              },
              "description": {
                "text": "Базовые навыки коммуникации с другими людьми"
              }
            },
            "data": {
              "type": "competency",
              "name": "Общение",
              "description": "Базовые навыки коммуникации с другими людьми",
              "level": 1,
              "required_experience": 60,
              "color": "#FF9800"
            }
          },
          {
            "id": "edge-68",
            "shape": "entity-edge",
            "source": {
              "cell": "a7b1a0a5-6f6a-7a1b-d4b8-1a9d3c4f2e62"
            },
            "target": {
              "cell": "a1b2c3d4-e5f6-7890-abcd-ef1234567005"
            }
          },
          {
            "id": "d2e6d5a0-1b1c-2c6a-a9e3-6a4b8e9f7b47",
            "shape": "mission-branch-node",
            "x": 1190,
            "y": 2750,
            "attrs": {
              "title": {
                "text": "Симуляторы и тренинги"
              },
              "description": {
                "text": "Ветка миссий по разработке и проведению обучающих симуляций для различных HR-ситуаций."
              }
            },
            "data": {
              "type": "missionBranch",
              "name": "Симуляторы и тренинги",
              "description": "Ветка миссий по разработке и проведению обучающих симуляций для различных HR-ситуаций.",
              "category": "Симулятор",
              "time_to_complete": 25
            }
          },
          {
            "id": "edge-69",
            "shape": "entity-edge",
            "source": {
              "cell": "4f14c510-e388-42f3-b47a-70e2f281be87"
            },
            "target": {
              "cell": "d2e6d5a0-1b1c-2c6a-a9e3-6a4b8e9f7b47"
            }
          },
          {
            "id": "d4e8d7c2-3c3d-4d8c-a1e5-8d6a0f1c9b59",
            "shape": "mission-node",
            "x": 2700,
            "y": 2900,
            "attrs": {
              "title": {
                "text": "Проведение симуляции переговоров"
              },
              "description": {
                "text": "Опыт: 150, Валюта: 120"
              }
            },
            "data": {
              "type": "mission",
              "name": "Проведение симуляции переговоров",
              "description": "Опыт: 150, Валюта: 120",
              "experience": 150,
              "currency": 120,
              "level": "Средний",
              "is_key_mission": false
            }
          },
          {
            "id": "edge-70",
            "shape": "entity-edge",
            "source": {
              "cell": "d2e6d5a0-1b1c-2c6a-a9e3-6a4b8e9f7b47"
            },
            "target": {
              "cell": "d4e8d7c2-3c3d-4d8c-a1e5-8d6a0f1c9b59"
            }
          },
          {
            "id": "c3d7c6b1-2b2c-3c7b-f0d4-7c5f9e0b8a58",
            "shape": "mission-node",
            "x": 2440,
            "y": 2900,
            "attrs": {
              "title": {
                "text": "Создание симулятора космического кризиса"
              },
              "description": {
                "text": "Опыт: 200, Валюта: 160"
              }
            },
            "data": {
              "type": "mission",
              "name": "Создание симулятора космического кризиса",
              "description": "Опыт: 200, Валюта: 160",
              "experience": 200,
              "currency": 160,
              "level": "Средний",
              "is_key_mission": true
            }
          },
          {
            "id": "edge-71",
            "shape": "entity-edge",
            "source": {
              "cell": "d2e6d5a0-1b1c-2c6a-a9e3-6a4b8e9f7b47"
            },
            "target": {
              "cell": "c3d7c6b1-2b2c-3c7b-f0d4-7c5f9e0b8a58"
            }
          },
          {
            "id": "a1b2c3d4-e5f6-7890-abcd-ef1234567013",
            "shape": "competency-node",
            "x": 3220,
            "y": 2190,
            "attrs": {
              "title": {
                "text": "Трёхмерное мышление"
              },
              "description": {
                "text": "Базовые навыки пространственного мышления"
              }
            },
            "data": {
              "type": "competency",
              "name": "Трёхмерное мышление",
              "description": "Базовые навыки пространственного мышления",
              "level": 1,
              "required_experience": 180,
              "color": "#009688"
            }
          },
          {
            "id": "edge-72",
            "shape": "entity-edge",
            "source": {
              "cell": "c3d7c6b1-2b2c-3c7b-f0d4-7c5f9e0b8a58"
            },
            "target": {
              "cell": "a1b2c3d4-e5f6-7890-abcd-ef1234567013"
            }
          },
          {
            "id": "550e8400-e29b-41d4-a716-446655440045",
            "shape": "mission-branch-node",
            "x": 670,
            "y": 2870,
            "attrs": {
              "title": {
                "text": "HR-бренд и коммуникации"
              },
              "description": {
                "text": "Ветка миссий по развитию HR-бренда компании и улучшению внутренних коммуникаций."
              }
            },
            "data": {
              "type": "missionBranch",
              "name": "HR-бренд и коммуникации",
              "description": "Ветка миссий по развитию HR-бренда компании и улучшению внутренних коммуникаций.",
              "category": "Бренд работодателя",
              "time_to_complete": 45
            }
          },
          {
            "id": "edge-73",
            "shape": "entity-edge",
            "source": {
              "cell": "4f14c510-e388-42f3-b47a-70e2f281be87"
            },
            "target": {
              "cell": "550e8400-e29b-41d4-a716-446655440045"
            }
          },
          {
            "id": "550e8400-e29b-41d4-a716-446655440052",
            "shape": "mission-node",
            "x": 1660,
            "y": 3020,
            "attrs": {
              "title": {
                "text": "Подготовка контента для HR-блога"
              },
              "description": {
                "text": "Опыт: 180, Валюта: 150"
              }
            },
            "data": {
              "type": "mission",
              "name": "Подготовка контента для HR-блога",
              "description": "Опыт: 180, Валюта: 150",
              "experience": 180,
              "currency": 150,
              "level": "Средний",
              "is_key_mission": true
            }
          },
          {
            "id": "edge-74",
            "shape": "entity-edge",
            "source": {
              "cell": "550e8400-e29b-41d4-a716-446655440045"
            },
            "target": {
              "cell": "550e8400-e29b-41d4-a716-446655440052"
            }
          },
          {
            "id": "a1b2c3d4-e5f6-7890-abcd-ef1234567009",
            "shape": "competency-node",
            "x": 2180,
            "y": 2360,
            "attrs": {
              "title": {
                "text": "Командование"
              },
              "description": {
                "text": "Базовые навыки управления командой"
              }
            },
            "data": {
              "type": "competency",
              "name": "Командование",
              "description": "Базовые навыки управления командой",
              "level": 1,
              "required_experience": 200,
              "color": "#F44336"
            }
          },
          {
            "id": "edge-75",
            "shape": "entity-edge",
            "source": {
              "cell": "550e8400-e29b-41d4-a716-446655440052"
            },
            "target": {
              "cell": "a1b2c3d4-e5f6-7890-abcd-ef1234567009"
            }
          },
          {
            "id": "a1b2c3d4-e5f6-7890-abcd-ef1234567005",
            "shape": "competency-node",
            "x": 1140,
            "y": 2790,
            "attrs": {
              "title": {
                "text": "Общение"
              },
              "description": {
                "text": "Базовые навыки коммуникации с другими людьми"
              }
            },
            "data": {
              "type": "competency",
              "name": "Общение",
              "description": "Базовые навыки коммуникации с другими людьми",
              "level": 1,
              "required_experience": 60,
              "color": "#FF9800"
            }
          },
          {
            "id": "edge-76",
            "shape": "entity-edge",
            "source": {
              "cell": "550e8400-e29b-41d4-a716-446655440052"
            },
            "target": {
              "cell": "a1b2c3d4-e5f6-7890-abcd-ef1234567005"
            }
          },
          {
            "id": "550e8400-e29b-41d4-a716-446655440051",
            "shape": "mission-node",
            "x": 1400,
            "y": 3020,
            "attrs": {
              "title": {
                "text": "Написание отзыва о компании на порталах"
              },
              "description": {
                "text": "Опыт: 90, Валюта: 70"
              }
            },
            "data": {
              "type": "mission",
              "name": "Написание отзыва о компании на порталах",
              "description": "Опыт: 90, Валюта: 70",
              "experience": 90,
              "currency": 70,
              "level": "Простой",
              "is_key_mission": false
            }
          },
          {
            "id": "edge-77",
            "shape": "entity-edge",
            "source": {
              "cell": "550e8400-e29b-41d4-a716-446655440045"
            },
            "target": {
              "cell": "550e8400-e29b-41d4-a716-446655440051"
            }
          },
          {
            "id": "a1b2c3d4-e5f6-7890-abcd-ef1234567005",
            "shape": "competency-node",
            "x": 1140,
            "y": 2790,
            "attrs": {
              "title": {
                "text": "Общение"
              },
              "description": {
                "text": "Базовые навыки коммуникации с другими людьми"
              }
            },
            "data": {
              "type": "competency",
              "name": "Общение",
              "description": "Базовые навыки коммуникации с другими людьми",
              "level": 1,
              "required_experience": 60,
              "color": "#FF9800"
            }
          },
          {
            "id": "edge-78",
            "shape": "entity-edge",
            "source": {
              "cell": "550e8400-e29b-41d4-a716-446655440051"
            },
            "target": {
              "cell": "a1b2c3d4-e5f6-7890-abcd-ef1234567005"
            }
          },
          {
            "id": "b2c6a5e0-1f1a-2a6b-e9b3-6a4d7c8f5e39",
            "shape": "event-node",
            "x": 300,
            "y": 3260,
            "attrs": {
              "title": {
                "text": "Менторская программа для новичков"
              },
              "description": {
                "text": "Становление наставником для молодых HR-специалистов корпорации."
              }
            },
            "data": {
              "type": "event",
              "name": "Менторская программа для новичков",
              "description": "Становление наставником для молодых HR-специалистов корпорации.",
              "experience": 320,
              "currency": 260,
              "category": "Развитие",
              "required_number": 5
            }
          },
          {
            "id": "edge-79",
            "shape": "entity-edge",
            "source": {
              "cell": "4f14c510-e388-42f3-b47a-70e2f281be87"
            },
            "target": {
              "cell": "b2c6a5e0-1f1a-2a6b-e9b3-6a4d7c8f5e39"
            }
          },
          {
            "id": "c7d1b0f5-6a6b-7b1e-f4c8-1b9e2d3a0f34",
            "shape": "event-node",
            "x": 300,
            "y": 3360,
            "attrs": {
              "title": {
                "text": "Тимбилдинг на орбитальной станции"
              },
              "description": {
                "text": "Уникальное командообразующее мероприятие в условиях невесомости."
              }
            },
            "data": {
              "type": "event",
              "name": "Тимбилдинг на орбитальной станции",
              "description": "Уникальное командообразующее мероприятие в условиях невесомости.",
              "experience": 280,
              "currency": 250,
              "category": "Тимбилдинг",
              "required_number": 12
            }
          },
          {
            "id": "edge-80",
            "shape": "entity-edge",
            "source": {
              "cell": "4f14c510-e388-42f3-b47a-70e2f281be87"
            },
            "target": {
              "cell": "c7d1b0f5-6a6b-7b1e-f4c8-1b9e2d3a0f34"
            }
          },
          {
            "id": "f8a2e1b6-7c7d-8e2b-c5e9-2d0b3e4a1c25",
            "shape": "event-node",
            "x": 300,
            "y": 3460,
            "attrs": {
              "title": {
                "text": "Воркшоп по работе с инопланетными культурами"
              },
              "description": {
                "text": "Изучение особенностей рекрутинга представителей различных планетарных цивилизаций."
              }
            },
            "data": {
              "type": "event",
              "name": "Воркшоп по работе с инопланетными культурами",
              "description": "Изучение особенностей рекрутинга представителей различных планетарных цивилизаций.",
              "experience": 300,
              "currency": 220,
              "category": "Лекторий",
              "required_number": 12
            }
          },
          {
            "id": "a1b2c3d4-e5f6-7890-abcd-ef1234567005",
            "shape": "competency-node",
            "x": 1140,
            "y": 2790,
            "attrs": {
              "title": {
                "text": "Общение"
              },
              "description": {
                "text": "Базовые навыки коммуникации с другими людьми"
              }
            },
            "data": {
              "type": "competency",
              "name": "Общение",
              "description": "Базовые навыки коммуникации с другими людьми",
              "level": 1,
              "required_experience": 60,
              "color": "#FF9800"
            }
          },
          {
            "id": "edge-81",
            "shape": "entity-edge",
            "source": {
              "cell": "f8a2e1b6-7c7d-8e2b-c5e9-2d0b3e4a1c25"
            },
            "target": {
              "cell": "a1b2c3d4-e5f6-7890-abcd-ef1234567005"
            }
          },
          {
            "id": "edge-82",
            "shape": "entity-edge",
            "source": {
              "cell": "4f14c510-e388-42f3-b47a-70e2f281be87"
            },
            "target": {
              "cell": "f8a2e1b6-7c7d-8e2b-c5e9-2d0b3e4a1c25"
            }
          },
          {
            "id": "e7f1d0a5-6b6c-7d1a-b4d8-1c9a2d3f0b24",
            "shape": "event-node",
            "x": 300,
            "y": 3560,
            "attrs": {
              "title": {
                "text": "Симуляция кризисного найма"
              },
              "description": {
                "text": "Отработка навыков экстренного подбора персонала в условиях космической аварии."
              }
            },
            "data": {
              "type": "event",
              "name": "Симуляция кризисного найма",
              "description": "Отработка навыков экстренного подбора персонала в условиях космической аварии.",
              "experience": 350,
              "currency": 280,
              "category": "Симулятор",
              "required_number": 8
            }
          },
          {
            "id": "a1b2c3d4-e5f6-7890-abcd-ef1234567003",
            "shape": "competency-node",
            "x": 620,
            "y": 3630,
            "attrs": {
              "title": {
                "text": "Стремление к большему"
              },
              "description": {
                "text": "Базовое желание развиваться и достигать новых высот"
              }
            },
            "data": {
              "type": "competency",
              "name": "Стремление к большему",
              "description": "Базовое желание развиваться и достигать новых высот",
              "level": 1,
              "required_experience": 75,
              "color": "#2196F3"
            }
          },
          {
            "id": "edge-83",
            "shape": "entity-edge",
            "source": {
              "cell": "e7f1d0a5-6b6c-7d1a-b4d8-1c9a2d3f0b24"
            },
            "target": {
              "cell": "a1b2c3d4-e5f6-7890-abcd-ef1234567003"
            }
          },
          {
            "id": "edge-84",
            "shape": "entity-edge",
            "source": {
              "cell": "4f14c510-e388-42f3-b47a-70e2f281be87"
            },
            "target": {
              "cell": "e7f1d0a5-6b6c-7d1a-b4d8-1c9a2d3f0b24"
            }
          },
          {
            "id": "b4c8a7d2-3e3f-4a8d-e1a5-8f6d9a0c7e21",
            "shape": "event-node",
            "x": 300,
            "y": 3660,
            "attrs": {
              "title": {
                "text": "Космический ассессмент-центр"
              },
              "description": {
                "text": "Комплексная оценка компетенций кандидатов с использованием VR-симуляторов и нейроинтерфейсов."
              }
            },
            "data": {
              "type": "event",
              "name": "Космический ассессмент-центр",
              "description": "Комплексная оценка компетенций кандидатов с использованием VR-симуляторов и нейроинтерфейсов.",
              "experience": 400,
              "currency": 300,
              "category": "Оценка",
              "required_number": 6
            }
          },
          {
            "id": "a1b2c3d4-e5f6-7890-abcd-ef1234567007",
            "shape": "competency-node",
            "x": 1660,
            "y": 3520,
            "attrs": {
              "title": {
                "text": "Аналитика"
              },
              "description": {
                "text": "Базовые навыки анализа информации и принятия решений"
              }
            },
            "data": {
              "type": "competency",
              "name": "Аналитика",
              "description": "Базовые навыки анализа информации и принятия решений",
              "level": 1,
              "required_experience": 120,
              "color": "#9C27B0"
            }
          },
          {
            "id": "edge-85",
            "shape": "entity-edge",
            "source": {
              "cell": "b4c8a7d2-3e3f-4a8d-e1a5-8f6d9a0c7e21"
            },
            "target": {
              "cell": "a1b2c3d4-e5f6-7890-abcd-ef1234567007"
            }
          },
          {
            "id": "a1b2c3d4-e5f6-7890-abcd-ef1234567005",
            "shape": "competency-node",
            "x": 1140,
            "y": 2790,
            "attrs": {
              "title": {
                "text": "Общение"
              },
              "description": {
                "text": "Базовые навыки коммуникации с другими людьми"
              }
            },
            "data": {
              "type": "competency",
              "name": "Общение",
              "description": "Базовые навыки коммуникации с другими людьми",
              "level": 1,
              "required_experience": 60,
              "color": "#FF9800"
            }
          },
          {
            "id": "edge-86",
            "shape": "entity-edge",
            "source": {
              "cell": "b4c8a7d2-3e3f-4a8d-e1a5-8f6d9a0c7e21"
            },
            "target": {
              "cell": "a1b2c3d4-e5f6-7890-abcd-ef1234567005"
            }
          },
          {
            "id": "550e8400-e29b-41d4-a716-446655440007",
            "shape": "artefact-node",
            "x": 1660,
            "y": 2920,
            "attrs": {
              "title": {
                "text": "Дипломатическая печать Альянса \"Платина\""
              },
              "description": {
                "text": "Высшая степень доверия, выдаваемая пилотам, оказавшим неоценимые услуги Альянсу. Предоставляет доступ к закрытым правительственным аукционам и складам с передовым оборудованием по себестоимости."
              }
            },
            "data": {
              "type": "artefact",
              "name": "Дипломатическая печать Альянса \"Платина\"",
              "description": "Высшая степень доверия, выдаваемая пилотам, оказавшим неоценимые услуги Альянсу. Предоставляет доступ к закрытым правительственным аукционам и складам с передовым оборудованием по себестоимости.",
              "modifier": "SHOP_DISCOUNT",
              "modifier_value": 20
            }
          },
          {
            "id": "edge-87",
            "shape": "entity-edge",
            "source": {
              "cell": "b4c8a7d2-3e3f-4a8d-e1a5-8f6d9a0c7e21"
            },
            "target": {
              "cell": "550e8400-e29b-41d4-a716-446655440007"
            }
          },
          {
            "id": "edge-88",
            "shape": "entity-edge",
            "source": {
              "cell": "4f14c510-e388-42f3-b47a-70e2f281be87"
            },
            "target": {
              "cell": "b4c8a7d2-3e3f-4a8d-e1a5-8f6d9a0c7e21"
            }
          },
          {
            "id": "550e8400-e29b-41d4-a716-446655440029",
            "shape": "event-node",
            "x": 300,
            "y": 3760,
            "attrs": {
              "title": {
                "text": "Серия мастер-классов по проведению собеседований"
              },
              "description": {
                "text": "Цикл обучающих мероприятий для сотрудников, участвующих в процессе рекрутинга. Практические занятия по техникам интервью и оценке кандидатов."
              }
            },
            "data": {
              "type": "event",
              "name": "Серия мастер-классов по проведению собеседований",
              "description": "Цикл обучающих мероприятий для сотрудников, участвующих в процессе рекрутинга. Практические занятия по техникам интервью и оценке кандидатов.",
              "experience": 350,
              "currency": 250,
              "category": "Лекторий",
              "required_number": 8
            }
          },
          {
            "id": "a1b2c3d4-e5f6-7890-abcd-ef1234567005",
            "shape": "competency-node",
            "x": 1140,
            "y": 2790,
            "attrs": {
              "title": {
                "text": "Общение"
              },
              "description": {
                "text": "Базовые навыки коммуникации с другими людьми"
              }
            },
            "data": {
              "type": "competency",
              "name": "Общение",
              "description": "Базовые навыки коммуникации с другими людьми",
              "level": 1,
              "required_experience": 60,
              "color": "#FF9800"
            }
          },
          {
            "id": "edge-89",
            "shape": "entity-edge",
            "source": {
              "cell": "550e8400-e29b-41d4-a716-446655440029"
            },
            "target": {
              "cell": "a1b2c3d4-e5f6-7890-abcd-ef1234567005"
            }
          },
          {
            "id": "a1b2c3d4-e5f6-7890-abcd-ef1234567005",
            "shape": "competency-node",
            "x": 1140,
            "y": 2790,
            "attrs": {
              "title": {
                "text": "Общение"
              },
              "description": {
                "text": "Базовые навыки коммуникации с другими людьми"
              }
            },
            "data": {
              "type": "competency",
              "name": "Общение",
              "description": "Базовые навыки коммуникации с другими людьми",
              "level": 1,
              "required_experience": 60,
              "color": "#FF9800"
            }
          },
          {
            "id": "edge-90",
            "shape": "entity-edge",
            "source": {
              "cell": "550e8400-e29b-41d4-a716-446655440029"
            },
            "target": {
              "cell": "a1b2c3d4-e5f6-7890-abcd-ef1234567005"
            }
          },
          {
            "id": "550e8400-e29b-41d4-a716-446655440001",
            "shape": "artefact-node",
            "x": 100,
            "y": 3840,
            "attrs": {
              "title": {
                "text": "Ядро нейронного интерфейса \"Прометей\""
              },
              "description": {
                "text": "Древний, но превосходно сохранившийся чип, разработанный в первых колониальных экспедициях. Синхронизируется с кортикальной системой пилота, ускоряя обработку сенсорных данных и усвоение навыков в стрессовых ситуациях."
              }
            },
            "data": {
              "type": "artefact",
              "name": "Ядро нейронного интерфейса \"Прометей\"",
              "description": "Древний, но превосходно сохранившийся чип, разработанный в первых колониальных экспедициях. Синхронизируется с кортикальной системой пилота, ускоряя обработку сенсорных данных и усвоение навыков в стрессовых ситуациях.",
              "modifier": "EXPERIENCE_GAIN",
              "modifier_value": 15
            }
          },
          {
            "id": "edge-91",
            "shape": "entity-edge",
            "source": {
              "cell": "550e8400-e29b-41d4-a716-446655440029"
            },
            "target": {
              "cell": "550e8400-e29b-41d4-a716-446655440001"
            }
          },
          {
            "id": "edge-92",
            "shape": "entity-edge",
            "source": {
              "cell": "4f14c510-e388-42f3-b47a-70e2f281be87"
            },
            "target": {
              "cell": "550e8400-e29b-41d4-a716-446655440029"
            }
          },
          {
            "id": "fa96cf2a-4b30-4d25-befc-7e47434bc0f2",
            "shape": "rank-node",
            "x": 300,
            "y": 1450,
            "attrs": {
              "title": {
                "text": "Ученик"
              },
              "description": {
                "text": "Освоивший базовые механики игры"
              }
            },
            "data": {
              "type": "rank",
              "name": "Ученик",
              "description": "Освоивший базовые механики игры",
              "required_experience": 100,
              "color": "#4CAF50"
            }
          },
          {
            "id": "550e8400-e29b-41d4-a716-446655440044",
            "shape": "mission-branch-node",
            "x": 410,
            "y": 1570,
            "attrs": {
              "title": {
                "text": "Адаптация и онбординг"
              },
              "description": {
                "text": "Ветка миссий по интеграции новых сотрудников в компанию и созданию комфортной рабочей среды."
              }
            },
            "data": {
              "type": "missionBranch",
              "name": "Адаптация и онбординг",
              "description": "Ветка миссий по интеграции новых сотрудников в компанию и созданию комфортной рабочей среды.",
              "category": "Адаптация",
              "time_to_complete": 21
            }
          },
          {
            "id": "edge-93",
            "shape": "entity-edge",
            "source": {
              "cell": "fa96cf2a-4b30-4d25-befc-7e47434bc0f2"
            },
            "target": {
              "cell": "550e8400-e29b-41d4-a716-446655440044"
            }
          },
          {
            "id": "550e8400-e29b-41d4-a716-446655440050",
            "shape": "mission-node",
            "x": 1140,
            "y": 1720,
            "attrs": {
              "title": {
                "text": "Проведение ознакомительной экскурсии"
              },
              "description": {
                "text": "Опыт: 60, Валюта: 50"
              }
            },
            "data": {
              "type": "mission",
              "name": "Проведение ознакомительной экскурсии",
              "description": "Опыт: 60, Валюта: 50",
              "experience": 60,
              "currency": 50,
              "level": "Простой",
              "is_key_mission": false
            }
          },
          {
            "id": "edge-94",
            "shape": "entity-edge",
            "source": {
              "cell": "550e8400-e29b-41d4-a716-446655440044"
            },
            "target": {
              "cell": "550e8400-e29b-41d4-a716-446655440050"
            }
          },
          {
            "id": "a1b2c3d4-e5f6-7890-abcd-ef1234567005",
            "shape": "competency-node",
            "x": 1140,
            "y": 2790,
            "attrs": {
              "title": {
                "text": "Общение"
              },
              "description": {
                "text": "Базовые навыки коммуникации с другими людьми"
              }
            },
            "data": {
              "type": "competency",
              "name": "Общение",
              "description": "Базовые навыки коммуникации с другими людьми",
              "level": 1,
              "required_experience": 60,
              "color": "#FF9800"
            }
          },
          {
            "id": "edge-95",
            "shape": "entity-edge",
            "source": {
              "cell": "550e8400-e29b-41d4-a716-446655440050"
            },
            "target": {
              "cell": "a1b2c3d4-e5f6-7890-abcd-ef1234567005"
            }
          },
          {
            "id": "550e8400-e29b-41d4-a716-446655440049",
            "shape": "mission-node",
            "x": 880,
            "y": 1720,
            "attrs": {
              "title": {
                "text": "Подготовка welcome-пакета для новичка"
              },
              "description": {
                "text": "Опыт: 80, Валюта: 60"
              }
            },
            "data": {
              "type": "mission",
              "name": "Подготовка welcome-пакета для новичка",
              "description": "Опыт: 80, Валюта: 60",
              "experience": 80,
              "currency": 60,
              "level": "Простой",
              "is_key_mission": true
            }
          },
          {
            "id": "edge-96",
            "shape": "entity-edge",
            "source": {
              "cell": "550e8400-e29b-41d4-a716-446655440044"
            },
            "target": {
              "cell": "550e8400-e29b-41d4-a716-446655440049"
            }
          },
          {
            "id": "a1b2c3d4-e5f6-7890-abcd-ef1234567001",
            "shape": "competency-node",
            "x": 100,
            "y": 1790,
            "attrs": {
              "title": {
                "text": "Вера в дело"
              },
              "description": {
                "text": "Базовая уверенность в правильности выбранного пути"
              }
            },
            "data": {
              "type": "competency",
              "name": "Вера в дело",
              "description": "Базовая уверенность в правильности выбранного пути",
              "level": 1,
              "required_experience": 50,
              "color": "#4CAF50"
            }
          },
          {
            "id": "edge-97",
            "shape": "entity-edge",
            "source": {
              "cell": "550e8400-e29b-41d4-a716-446655440049"
            },
            "target": {
              "cell": "a1b2c3d4-e5f6-7890-abcd-ef1234567001"
            }
          },
          {
            "id": "a5b9f8d3-4e4f-5f9c-d2a6-9e7c0f1b8d32",
            "shape": "event-node",
            "x": 300,
            "y": 1890,
            "attrs": {
              "title": {
                "text": "Онбординг в условиях гипердрайва"
              },
              "description": {
                "text": "Специальная программа адаптации для сотрудников межзвёздных экспедиций."
              }
            },
            "data": {
              "type": "event",
              "name": "Онбординг в условиях гипердрайва",
              "description": "Специальная программа адаптации для сотрудников межзвёздных экспедиций.",
              "experience": 220,
              "currency": 180,
              "category": "Адаптация",
              "required_number": 8
            }
          },
          {
            "id": "edge-98",
            "shape": "entity-edge",
            "source": {
              "cell": "fa96cf2a-4b30-4d25-befc-7e47434bc0f2"
            },
            "target": {
              "cell": "a5b9f8d3-4e4f-5f9c-d2a6-9e7c0f1b8d32"
            }
          },
          {
            "id": "f4a8e7c2-3d3e-4e8b-c1f5-8d6b9e0a7c31",
            "shape": "event-node",
            "x": 300,
            "y": 1990,
            "attrs": {
              "title": {
                "text": "Базовый курс космической психологии"
              },
              "description": {
                "text": "Основы работы с психологическими особенностями экипажей дальних экспедиций."
              }
            },
            "data": {
              "type": "event",
              "name": "Базовый курс космической психологии",
              "description": "Основы работы с психологическими особенностями экипажей дальних экспедиций.",
              "experience": 180,
              "currency": 140,
              "category": "Лекторий",
              "required_number": 10
            }
          },
          {
            "id": "a1b2c3d4-e5f6-7890-abcd-ef1234567005",
            "shape": "competency-node",
            "x": 1140,
            "y": 2790,
            "attrs": {
              "title": {
                "text": "Общение"
              },
              "description": {
                "text": "Базовые навыки коммуникации с другими людьми"
              }
            },
            "data": {
              "type": "competency",
              "name": "Общение",
              "description": "Базовые навыки коммуникации с другими людьми",
              "level": 1,
              "required_experience": 60,
              "color": "#FF9800"
            }
          },
          {
            "id": "edge-99",
            "shape": "entity-edge",
            "source": {
              "cell": "f4a8e7c2-3d3e-4e8b-c1f5-8d6b9e0a7c31"
            },
            "target": {
              "cell": "a1b2c3d4-e5f6-7890-abcd-ef1234567005"
            }
          },
          {
            "id": "edge-100",
            "shape": "entity-edge",
            "source": {
              "cell": "fa96cf2a-4b30-4d25-befc-7e47434bc0f2"
            },
            "target": {
              "cell": "f4a8e7c2-3d3e-4e8b-c1f5-8d6b9e0a7c31"
            }
          },
          {
            "id": "d6e0c9f4-5a5b-6c0f-a3c7-0b8f1c2e9a23",
            "shape": "event-node",
            "x": 300,
            "y": 2090,
            "attrs": {
              "title": {
                "text": "Галактический митап рекрутеров"
              },
              "description": {
                "text": "Нетворкинг-событие для обмена опытом между рекрутерами разных планетарных офисов."
              }
            },
            "data": {
              "type": "event",
              "name": "Галактический митап рекрутеров",
              "description": "Нетворкинг-событие для обмена опытом между рекрутерами разных планетарных офисов.",
              "experience": 250,
              "currency": 200,
              "category": "Тимбилдинг",
              "required_number": 15
            }
          },
          {
            "id": "edge-101",
            "shape": "entity-edge",
            "source": {
              "cell": "fa96cf2a-4b30-4d25-befc-7e47434bc0f2"
            },
            "target": {
              "cell": "d6e0c9f4-5a5b-6c0f-a3c7-0b8f1c2e9a23"
            }
          },
          {
            "id": "550e8400-e29b-41d4-a716-446655440028",
            "shape": "event-node",
            "x": 300,
            "y": 2190,
            "attrs": {
              "title": {
                "text": "День открытых дверей для кандидатов"
              },
              "description": {
                "text": "Организация и проведение дня открытых дверей для потенциальных кандидатов. Включает презентацию компании, экскурсию по офису и неформальное общение с командой."
              }
            },
            "data": {
              "type": "event",
              "name": "День открытых дверей для кандидатов",
              "description": "Организация и проведение дня открытых дверей для потенциальных кандидатов. Включает презентацию компании, экскурсию по офису и неформальное общение с командой.",
              "experience": 200,
              "currency": 150,
              "category": "Бренд работодателя",
              "required_number": 5
            }
          },
          {
            "id": "a1b2c3d4-e5f6-7890-abcd-ef1234567005",
            "shape": "competency-node",
            "x": 1140,
            "y": 2790,
            "attrs": {
              "title": {
                "text": "Общение"
              },
              "description": {
                "text": "Базовые навыки коммуникации с другими людьми"
              }
            },
            "data": {
              "type": "competency",
              "name": "Общение",
              "description": "Базовые навыки коммуникации с другими людьми",
              "level": 1,
              "required_experience": 60,
              "color": "#FF9800"
            }
          },
          {
            "id": "edge-102",
            "shape": "entity-edge",
            "source": {
              "cell": "550e8400-e29b-41d4-a716-446655440028"
            },
            "target": {
              "cell": "a1b2c3d4-e5f6-7890-abcd-ef1234567005"
            }
          },
          {
            "id": "a1b2c3d4-e5f6-7890-abcd-ef1234567005",
            "shape": "competency-node",
            "x": 1140,
            "y": 2790,
            "attrs": {
              "title": {
                "text": "Общение"
              },
              "description": {
                "text": "Базовые навыки коммуникации с другими людьми"
              }
            },
            "data": {
              "type": "competency",
              "name": "Общение",
              "description": "Базовые навыки коммуникации с другими людьми",
              "level": 1,
              "required_experience": 60,
              "color": "#FF9800"
            }
          },
          {
            "id": "edge-103",
            "shape": "entity-edge",
            "source": {
              "cell": "550e8400-e29b-41d4-a716-446655440028"
            },
            "target": {
              "cell": "a1b2c3d4-e5f6-7890-abcd-ef1234567005"
            }
          },
          {
            "id": "550e8400-e29b-41d4-a716-446655440002",
            "shape": "artefact-node",
            "x": 360,
            "y": 2270,
            "attrs": {
              "title": {
                "text": "Голографический дневник капитана Элизы Рейн"
              },
              "description": {
                "text": "Личные записи легендарного капитана-первопроходца, содержащие не только хроники открытий, но и детальный разбор тактических маневров, переговоров и инженерных решений. Позволяет учиться на ошибках и успехах великого исследователя."
              }
            },
            "data": {
              "type": "artefact",
              "name": "Голографический дневник капитана Элизы Рейн",
              "description": "Личные записи легендарного капитана-первопроходца, содержащие не только хроники открытий, но и детальный разбор тактических маневров, переговоров и инженерных решений. Позволяет учиться на ошибках и успехах великого исследователя.",
              "modifier": "EXPERIENCE_GAIN",
              "modifier_value": 10
            }
          },
          {
            "id": "edge-104",
            "shape": "entity-edge",
            "source": {
              "cell": "550e8400-e29b-41d4-a716-446655440028"
            },
            "target": {
              "cell": "550e8400-e29b-41d4-a716-446655440002"
            }
          },
          {
            "id": "edge-105",
            "shape": "entity-edge",
            "source": {
              "cell": "fa96cf2a-4b30-4d25-befc-7e47434bc0f2"
            },
            "target": {
              "cell": "550e8400-e29b-41d4-a716-446655440028"
            }
          },
          {
            "id": "9b27408d-01d2-4d02-bf12-1098c88842e3",
            "shape": "rank-node",
            "x": 300,
            "y": 50,
            "attrs": {
              "title": {
                "text": "Новичок"
              },
              "description": {
                "text": "Начальный ранг, первые шаги в игре"
              }
            },
            "data": {
              "type": "rank",
              "name": "Новичок",
              "description": "Начальный ранг, первые шаги в игре",
              "required_experience": 0,
              "color": "#9E9E9E"
            }
          },
          {
            "id": "b6c0b9e4-5f5a-6a0e-e3c7-0e8f2d3d1f51",
            "shape": "mission-branch-node",
            "x": 2230,
            "y": 170,
            "attrs": {
              "title": {
                "text": "Квестовая линия новичка"
              },
              "description": {
                "text": "Специальная ветка миссий для полного погружения новых сотрудников в культуру компании."
              }
            },
            "data": {
              "type": "missionBranch",
              "name": "Квестовая линия новичка",
              "description": "Специальная ветка миссий для полного погружения новых сотрудников в культуру компании.",
              "category": "Квест",
              "time_to_complete": 14
            }
          },
          {
            "id": "edge-106",
            "shape": "entity-edge",
            "source": {
              "cell": "9b27408d-01d2-4d02-bf12-1098c88842e3"
            },
            "target": {
              "cell": "b6c0b9e4-5f5a-6a0e-e3c7-0e8f2d3d1f51"
            }
          },
          {
            "id": "f2a6f5f0-1e1f-2f6a-c9a3-6d4c8e9e7d67",
            "shape": "mission-node",
            "x": 4780,
            "y": 320,
            "attrs": {
              "title": {
                "text": "Знакомство с командой"
              },
              "description": {
                "text": "Опыт: 70, Валюта: 55"
              }
            },
            "data": {
              "type": "mission",
              "name": "Знакомство с командой",
              "description": "Опыт: 70, Валюта: 55",
              "experience": 70,
              "currency": 55,
              "level": "Простой",
              "is_key_mission": false
            }
          },
          {
            "id": "edge-107",
            "shape": "entity-edge",
            "source": {
              "cell": "b6c0b9e4-5f5a-6a0e-e3c7-0e8f2d3d1f51"
            },
            "target": {
              "cell": "f2a6f5f0-1e1f-2f6a-c9a3-6d4c8e9e7d67"
            }
          },
          {
            "id": "e1f5e4e9-0d0e-1e5f-b8f2-5d3b7d8d6c66",
            "shape": "mission-node",
            "x": 4520,
            "y": 320,
            "attrs": {
              "title": {
                "text": "Первый день в корпорации"
              },
              "description": {
                "text": "Опыт: 50, Валюта: 40"
              }
            },
            "data": {
              "type": "mission",
              "name": "Первый день в корпорации",
              "description": "Опыт: 50, Валюта: 40",
              "experience": 50,
              "currency": 40,
              "level": "Простой",
              "is_key_mission": true
            }
          },
          {
            "id": "edge-108",
            "shape": "entity-edge",
            "source": {
              "cell": "b6c0b9e4-5f5a-6a0e-e3c7-0e8f2d3d1f51"
            },
            "target": {
              "cell": "e1f5e4e9-0d0e-1e5f-b8f2-5d3b7d8d6c66"
            }
          },
          {
            "id": "a1b2c3d4-e5f6-7890-abcd-ef1234567001",
            "shape": "competency-node",
            "x": 100,
            "y": 1790,
            "attrs": {
              "title": {
                "text": "Вера в дело"
              },
              "description": {
                "text": "Базовая уверенность в правильности выбранного пути"
              }
            },
            "data": {
              "type": "competency",
              "name": "Вера в дело",
              "description": "Базовая уверенность в правильности выбранного пути",
              "level": 1,
              "required_experience": 50,
              "color": "#4CAF50"
            }
          },
          {
            "id": "edge-109",
            "shape": "entity-edge",
            "source": {
              "cell": "e1f5e4e9-0d0e-1e5f-b8f2-5d3b7d8d6c66"
            },
            "target": {
              "cell": "a1b2c3d4-e5f6-7890-abcd-ef1234567001"
            }
          },
          {
            "id": "550e8400-e29b-41d4-a716-446655440043",
            "shape": "mission-branch-node",
            "x": 150,
            "y": 290,
            "attrs": {
              "title": {
                "text": "Основы рекрутинга"
              },
              "description": {
                "text": "Ветка миссий для освоения базовых навыков подбора персонала: от поиска кандидатов до проведения первых собеседований."
              }
            },
            "data": {
              "type": "missionBranch",
              "name": "Основы рекрутинга",
              "description": "Ветка миссий для освоения базовых навыков подбора персонала: от поиска кандидатов до проведения первых собеседований.",
              "category": "Рекрутинг",
              "time_to_complete": 30
            }
          },
          {
            "id": "edge-110",
            "shape": "entity-edge",
            "source": {
              "cell": "9b27408d-01d2-4d02-bf12-1098c88842e3"
            },
            "target": {
              "cell": "550e8400-e29b-41d4-a716-446655440043"
            }
          },
          {
            "id": "550e8400-e29b-41d4-a716-446655440048",
            "shape": "mission-node",
            "x": 620,
            "y": 440,
            "attrs": {
              "title": {
                "text": "Проведение телефонного интервью"
              },
              "description": {
                "text": "Опыт: 150, Валюта: 120"
              }
            },
            "data": {
              "type": "mission",
              "name": "Проведение телефонного интервью",
              "description": "Опыт: 150, Валюта: 120",
              "experience": 150,
              "currency": 120,
              "level": "Средний",
              "is_key_mission": true
            }
          },
          {
            "id": "edge-111",
            "shape": "entity-edge",
            "source": {
              "cell": "550e8400-e29b-41d4-a716-446655440043"
            },
            "target": {
              "cell": "550e8400-e29b-41d4-a716-446655440048"
            }
          },
          {
            "id": "550e8400-e29b-41d4-a716-446655440008",
            "shape": "artefact-node",
            "x": 1920,
            "y": 520,
            "attrs": {
              "title": {
                "text": "Членская карта Гильдии торговцев \"Зеро-Г\""
              },
              "description": {
                "text": "Золотая карта элитной гильдии торговцев. Ее владельцы получают эксклюзивные скидки у всех поставщиков, аффилированных с Гильдией, по всей освоенной территории."
              }
            },
            "data": {
              "type": "artefact",
              "name": "Членская карта Гильдии торговцев \"Зеро-Г\"",
              "description": "Золотая карта элитной гильдии торговцев. Ее владельцы получают эксклюзивные скидки у всех поставщиков, аффилированных с Гильдией, по всей освоенной территории.",
              "modifier": "SHOP_DISCOUNT",
              "modifier_value": 15
            }
          },
          {
            "id": "edge-112",
            "shape": "entity-edge",
            "source": {
              "cell": "550e8400-e29b-41d4-a716-446655440048"
            },
            "target": {
              "cell": "550e8400-e29b-41d4-a716-446655440008"
            }
          },
          {
            "id": "a1b2c3d4-e5f6-7890-abcd-ef1234567007",
            "shape": "competency-node",
            "x": 1660,
            "y": 3520,
            "attrs": {
              "title": {
                "text": "Аналитика"
              },
              "description": {
                "text": "Базовые навыки анализа информации и принятия решений"
              }
            },
            "data": {
              "type": "competency",
              "name": "Аналитика",
              "description": "Базовые навыки анализа информации и принятия решений",
              "level": 1,
              "required_experience": 120,
              "color": "#9C27B0"
            }
          },
          {
            "id": "edge-113",
            "shape": "entity-edge",
            "source": {
              "cell": "550e8400-e29b-41d4-a716-446655440048"
            },
            "target": {
              "cell": "a1b2c3d4-e5f6-7890-abcd-ef1234567007"
            }
          },
          {
            "id": "a1b2c3d4-e5f6-7890-abcd-ef1234567005",
            "shape": "competency-node",
            "x": 1140,
            "y": 2790,
            "attrs": {
              "title": {
                "text": "Общение"
              },
              "description": {
                "text": "Базовые навыки коммуникации с другими людьми"
              }
            },
            "data": {
              "type": "competency",
              "name": "Общение",
              "description": "Базовые навыки коммуникации с другими людьми",
              "level": 1,
              "required_experience": 60,
              "color": "#FF9800"
            }
          },
          {
            "id": "edge-114",
            "shape": "entity-edge",
            "source": {
              "cell": "550e8400-e29b-41d4-a716-446655440048"
            },
            "target": {
              "cell": "a1b2c3d4-e5f6-7890-abcd-ef1234567005"
            }
          },
          {
            "id": "550e8400-e29b-41d4-a716-446655440047",
            "shape": "mission-node",
            "x": 360,
            "y": 440,
            "attrs": {
              "title": {
                "text": "Поиск кандидатов в профессиональных соцсетях"
              },
              "description": {
                "text": "Опыт: 120, Валюта: 100"
              }
            },
            "data": {
              "type": "mission",
              "name": "Поиск кандидатов в профессиональных соцсетях",
              "description": "Опыт: 120, Валюта: 100",
              "experience": 120,
              "currency": 100,
              "level": "Простой",
              "is_key_mission": false
            }
          },
          {
            "id": "edge-115",
            "shape": "entity-edge",
            "source": {
              "cell": "550e8400-e29b-41d4-a716-446655440043"
            },
            "target": {
              "cell": "550e8400-e29b-41d4-a716-446655440047"
            }
          },
          {
            "id": "550e8400-e29b-41d4-a716-446655440009",
            "shape": "artefact-node",
            "x": 2180,
            "y": 520,
            "attrs": {
              "title": {
                "text": "Ключ доступа к сети \"Бартер-Сеть\""
              },
              "description": {
                "text": "Нелегальный децентрализованный чип, который подключается к теневой сети обмена между пилотами, ремонтниками и торговцами. Позволяет находить уникальные предложения и торговаться без лишних наценок."
              }
            },
            "data": {
              "type": "artefact",
              "name": "Ключ доступа к сети \"Бартер-Сеть\"",
              "description": "Нелегальный децентрализованный чип, который подключается к теневой сети обмена между пилотами, ремонтниками и торговцами. Позволяет находить уникальные предложения и торговаться без лишних наценок.",
              "modifier": "SHOP_DISCOUNT",
              "modifier_value": 10
            }
          },
          {
            "id": "edge-116",
            "shape": "entity-edge",
            "source": {
              "cell": "550e8400-e29b-41d4-a716-446655440047"
            },
            "target": {
              "cell": "550e8400-e29b-41d4-a716-446655440009"
            }
          },
          {
            "id": "a1b2c3d4-e5f6-7890-abcd-ef1234567005",
            "shape": "competency-node",
            "x": 1140,
            "y": 2790,
            "attrs": {
              "title": {
                "text": "Общение"
              },
              "description": {
                "text": "Базовые навыки коммуникации с другими людьми"
              }
            },
            "data": {
              "type": "competency",
              "name": "Общение",
              "description": "Базовые навыки коммуникации с другими людьми",
              "level": 1,
              "required_experience": 60,
              "color": "#FF9800"
            }
          },
          {
            "id": "edge-117",
            "shape": "entity-edge",
            "source": {
              "cell": "550e8400-e29b-41d4-a716-446655440047"
            },
            "target": {
              "cell": "a1b2c3d4-e5f6-7890-abcd-ef1234567005"
            }
          },
          {
            "id": "550e8400-e29b-41d4-a716-446655440046",
            "shape": "mission-node",
            "x": 100,
            "y": 440,
            "attrs": {
              "title": {
                "text": "Составление профиля идеального кандидата"
              },
              "description": {
                "text": "Опыт: 100, Валюта: 80"
              }
            },
            "data": {
              "type": "mission",
              "name": "Составление профиля идеального кандидата",
              "description": "Опыт: 100, Валюта: 80",
              "experience": 100,
              "currency": 80,
              "level": "Простой",
              "is_key_mission": true
            }
          },
          {
            "id": "edge-118",
            "shape": "entity-edge",
            "source": {
              "cell": "550e8400-e29b-41d4-a716-446655440043"
            },
            "target": {
              "cell": "550e8400-e29b-41d4-a716-446655440046"
            }
          },
          {
            "id": "550e8400-e29b-41d4-a716-446655440010",
            "shape": "artefact-node",
            "x": 2440,
            "y": 3100,
            "attrs": {
              "title": {
                "text": "Сертификат аккредитации пилота-первопроходца"
              },
              "description": {
                "text": "Официальный документ, дающий право претендовать на первопроходческие миссии по картографированию новых систем и право давать имена открытым объектам. Символ статуса и доверия Альянса."
              }
            },
            "data": {
              "type": "artefact",
              "name": "Сертификат аккредитации пилота-первопроходца",
              "description": "Официальный документ, дающий право претендовать на первопроходческие миссии по картографированию новых систем и право давать имена открытым объектам. Символ статуса и доверия Альянса.",
              "modifier": "DEFAULT",
              "modifier_value": 0
            }
          },
          {
            "id": "edge-119",
            "shape": "entity-edge",
            "source": {
              "cell": "550e8400-e29b-41d4-a716-446655440046"
            },
            "target": {
              "cell": "550e8400-e29b-41d4-a716-446655440010"
            }
          },
          {
            "id": "a1b2c3d4-e5f6-7890-abcd-ef1234567007",
            "shape": "competency-node",
            "x": 1660,
            "y": 3520,
            "attrs": {
              "title": {
                "text": "Аналитика"
              },
              "description": {
                "text": "Базовые навыки анализа информации и принятия решений"
              }
            },
            "data": {
              "type": "competency",
              "name": "Аналитика",
              "description": "Базовые навыки анализа информации и принятия решений",
              "level": 1,
              "required_experience": 120,
              "color": "#9C27B0"
            }
          },
          {
            "id": "edge-120",
            "shape": "entity-edge",
            "source": {
              "cell": "550e8400-e29b-41d4-a716-446655440046"
            },
            "target": {
              "cell": "a1b2c3d4-e5f6-7890-abcd-ef1234567007"
            }
          },
          {
            "id": "f0a4e3c8-9d9e-0e4f-c7f1-4e2b5a6d3c37",
            "shape": "event-node",
            "x": 300,
            "y": 680,
            "attrs": {
              "title": {
                "text": "Введение в квантовый рекрутинг"
              },
              "description": {
                "text": "Базовый курс по использованию квантовых вычислений в подборе персонала."
              }
            },
            "data": {
              "type": "event",
              "name": "Введение в квантовый рекрутинг",
              "description": "Базовый курс по использованию квантовых вычислений в подборе персонала.",
              "experience": 100,
              "currency": 80,
              "category": "Квест",
              "required_number": 25
            }
          },
          {
            "id": "edge-121",
            "shape": "entity-edge",
            "source": {
              "cell": "550e8400-e29b-41d4-a716-446655440008"
            },
            "target": {
              "cell": "f0a4e3c8-9d9e-0e4f-c7f1-4e2b5a6d3c37"
            }
          },
          {
            "id": "edge-122",
            "shape": "entity-edge",
            "source": {
              "cell": "550e8400-e29b-41d4-a716-446655440009"
            },
            "target": {
              "cell": "f0a4e3c8-9d9e-0e4f-c7f1-4e2b5a6d3c37"
            }
          },
          {
            "id": "edge-123",
            "shape": "entity-edge",
            "source": {
              "cell": "550e8400-e29b-41d4-a716-446655440010"
            },
            "target": {
              "cell": "f0a4e3c8-9d9e-0e4f-c7f1-4e2b5a6d3c37"
            }
          },
          {
            "id": "edge-124",
            "shape": "entity-edge",
            "source": {
              "cell": "9b27408d-01d2-4d02-bf12-1098c88842e3"
            },
            "target": {
              "cell": "f0a4e3c8-9d9e-0e4f-c7f1-4e2b5a6d3c37"
            }
          },
          {
            "id": "b0c4a3d8-9e9f-0a4d-e7b1-4f2d5a6c3e27",
            "shape": "event-node",
            "x": 300,
            "y": 780,
            "attrs": {
              "title": {
                "text": "Стажировка в секторе Альфа"
              },
              "description": {
                "text": "Программа обмена опытом с лучшими HR-специалистами сектора Альфа Центавра."
              }
            },
            "data": {
              "type": "event",
              "name": "Стажировка в секторе Альфа",
              "description": "Программа обмена опытом с лучшими HR-специалистами сектора Альфа Центавра.",
              "experience": 120,
              "currency": 90,
              "category": "Квест",
              "required_number": 20
            }
          },
          {
            "id": "a1b2c3d4-e5f6-7890-abcd-ef1234567001",
            "shape": "competency-node",
            "x": 100,
            "y": 1790,
            "attrs": {
              "title": {
                "text": "Вера в дело"
              },
              "description": {
                "text": "Базовая уверенность в правильности выбранного пути"
              }
            },
            "data": {
              "type": "competency",
              "name": "Вера в дело",
              "description": "Базовая уверенность в правильности выбранного пути",
              "level": 1,
              "required_experience": 50,
              "color": "#4CAF50"
            }
          },
          {
            "id": "edge-125",
            "shape": "entity-edge",
            "source": {
              "cell": "b0c4a3d8-9e9f-0a4d-e7b1-4f2d5a6c3e27"
            },
            "target": {
              "cell": "a1b2c3d4-e5f6-7890-abcd-ef1234567001"
            }
          },
          {
            "id": "edge-126",
            "shape": "entity-edge",
            "source": {
              "cell": "550e8400-e29b-41d4-a716-446655440008"
            },
            "target": {
              "cell": "b0c4a3d8-9e9f-0a4d-e7b1-4f2d5a6c3e27"
            }
          },
          {
            "id": "edge-127",
            "shape": "entity-edge",
            "source": {
              "cell": "550e8400-e29b-41d4-a716-446655440009"
            },
            "target": {
              "cell": "b0c4a3d8-9e9f-0a4d-e7b1-4f2d5a6c3e27"
            }
          },
          {
            "id": "edge-128",
            "shape": "entity-edge",
            "source": {
              "cell": "550e8400-e29b-41d4-a716-446655440010"
            },
            "target": {
              "cell": "b0c4a3d8-9e9f-0a4d-e7b1-4f2d5a6c3e27"
            }
          },
          {
            "id": "edge-129",
            "shape": "entity-edge",
            "source": {
              "cell": "9b27408d-01d2-4d02-bf12-1098c88842e3"
            },
            "target": {
              "cell": "b0c4a3d8-9e9f-0a4d-e7b1-4f2d5a6c3e27"
            }
          },
          {
            "id": "550e8400-e29b-41d4-a716-446655440030",
            "shape": "event-node",
            "x": 300,
            "y": 880,
            "attrs": {
              "title": {
                "text": "Неделя адаптации новых сотрудников"
              },
              "description": {
                "text": "Комплекс мероприятий по интеграции новых членов команды: воркшопы, знакомство с процессами, менторские сессии и тимбилдинг."
              }
            },
            "data": {
              "type": "event",
              "name": "Неделя адаптации новых сотрудников",
              "description": "Комплекс мероприятий по интеграции новых членов команды: воркшопы, знакомство с процессами, менторские сессии и тимбилдинг.",
              "experience": 150,
              "currency": 100,
              "category": "Адаптация",
              "required_number": 10
            }
          },
          {
            "id": "a1b2c3d4-e5f6-7890-abcd-ef1234567005",
            "shape": "competency-node",
            "x": 1140,
            "y": 2790,
            "attrs": {
              "title": {
                "text": "Общение"
              },
              "description": {
                "text": "Базовые навыки коммуникации с другими людьми"
              }
            },
            "data": {
              "type": "competency",
              "name": "Общение",
              "description": "Базовые навыки коммуникации с другими людьми",
              "level": 1,
              "required_experience": 60,
              "color": "#FF9800"
            }
          },
          {
            "id": "edge-130",
            "shape": "entity-edge",
            "source": {
              "cell": "550e8400-e29b-41d4-a716-446655440030"
            },
            "target": {
              "cell": "a1b2c3d4-e5f6-7890-abcd-ef1234567005"
            }
          },
          {
            "id": "a1b2c3d4-e5f6-7890-abcd-ef1234567005",
            "shape": "competency-node",
            "x": 1140,
            "y": 2790,
            "attrs": {
              "title": {
                "text": "Общение"
              },
              "description": {
                "text": "Базовые навыки коммуникации с другими людьми"
              }
            },
            "data": {
              "type": "competency",
              "name": "Общение",
              "description": "Базовые навыки коммуникации с другими людьми",
              "level": 1,
              "required_experience": 60,
              "color": "#FF9800"
            }
          },
          {
            "id": "edge-131",
            "shape": "entity-edge",
            "source": {
              "cell": "550e8400-e29b-41d4-a716-446655440030"
            },
            "target": {
              "cell": "a1b2c3d4-e5f6-7890-abcd-ef1234567005"
            }
          },
          {
            "id": "edge-132",
            "shape": "entity-edge",
            "source": {
              "cell": "550e8400-e29b-41d4-a716-446655440008"
            },
            "target": {
              "cell": "550e8400-e29b-41d4-a716-446655440030"
            }
          },
          {
            "id": "edge-133",
            "shape": "entity-edge",
            "source": {
              "cell": "550e8400-e29b-41d4-a716-446655440009"
            },
            "target": {
              "cell": "550e8400-e29b-41d4-a716-446655440030"
            }
          },
          {
            "id": "edge-134",
            "shape": "entity-edge",
            "source": {
              "cell": "550e8400-e29b-41d4-a716-446655440010"
            },
            "target": {
              "cell": "550e8400-e29b-41d4-a716-446655440030"
            }
          },
          {
            "id": "edge-135",
            "shape": "entity-edge",
            "source": {
              "cell": "9b27408d-01d2-4d02-bf12-1098c88842e3"
            },
            "target": {
              "cell": "550e8400-e29b-41d4-a716-446655440030"
            }
          }
        ]
      }
    }
  },
  {
    "model": "game_mechanics.rank",
    "pk": 1,
    "fields": {
      "uuid": "9b27408d-01d2-4d02-bf12-1098c88842e3",
      "name": "Новичок",
      "description": "Начальный ранг, первые шаги в игре",
      "required_experience": 0,
      "icon": null,
      "color": "#9E9E9E",
      "parent": null,
      "game_world": 1,
      "created_at": "2025-09-24T14:58:24.186615Z",
      "updated_at": "2025-09-24T14:58:24.186615Z"
    }
  },
  {
    "model": "game_mechanics.rank",
    "pk": 2,
    "fields": {
      "uuid": "fa96cf2a-4b30-4d25-befc-7e47434bc0f2",
      "name": "Ученик",
      "description": "Освоивший базовые механики игры",
      "required_experience": 100,
      "icon": null,
      "color": "#4CAF50",
      "parent": 1,
      "game_world": 1,
      "created_at": "2025-09-24T14:58:24.186615Z",
      "updated_at": "2025-09-24T14:58:24.186615Z"
    }
  },
  {
    "model": "game_mechanics.rank",
    "pk": 3,
    "fields": {
      "uuid": "4f14c510-e388-42f3-b47a-70e2f281be87",
      "name": "Опытный",
      "description": "Уверенно владеет основными навыками",
      "required_experience": 300,
      "icon": null,
      "color": "#2196F3",
      "parent": 2,
      "game_world": 1,
      "created_at": "2025-09-24T14:58:24.186615Z",
      "updated_at": "2025-09-24T14:58:24.186615Z"
    }
  },
  {
    "model": "game_mechanics.rank",
    "pk": 4,
    "fields": {
      "uuid": "c6103b75-1622-4b9a-8b0c-0efc9be95157",
      "name": "Специалист",
      "description": "Углубленные знания в конкретных областях",
      "required_experience": 600,
      "icon": null,
      "color": "#FF9800",
      "parent": 3,
      "game_world": 1,
      "created_at": "2025-09-24T14:58:24.186615Z",
      "updated_at": "2025-09-24T14:58:24.186615Z"
    }
  },
  {
    "model": "game_mechanics.rank",
    "pk": 5,
    "fields": {
      "uuid": "6482ff6f-7f48-4f8f-bf11-b57d09c47b39",
      "name": "Эксперт",
      "description": "Высокий уровень мастерства",
      "required_experience": 1000,
      "icon": null,
      "color": "#9C27B0",
      "parent": 4,
      "game_world": 1,
      "created_at": "2025-09-24T14:58:24.186615Z",
      "updated_at": "2025-09-24T14:58:24.186615Z"
    }
  },
  {
    "model": "game_mechanics.rank",
    "pk": 6,
    "fields": {
      "uuid": "cbe4b202-3ea6-4a2d-ae6f-42d063da36fc",
      "name": "Мастер",
      "description": "Виртуозное владение игровыми механиками",
      "required_experience": 1500,
      "icon": null,
      "color": "#F44336",
      "parent": 5,
      "game_world": 1,
      "created_at": "2025-09-24T14:58:24.186615Z",
      "updated_at": "2025-09-24T14:58:24.186615Z"
    }
  },
  {
    "model": "game_mechanics.rank",
    "pk": 7,
    "fields": {
      "uuid": "0d88c8b0-4560-4438-8fa5-d8c88489c88f",
      "name": "Грандмастер",
      "description": "Легендарный уровень мастерства",
      "required_experience": 2100,
      "icon": null,
      "color": "#FFD700",
      "parent": 6,
      "game_world": 1,
      "created_at": "2025-09-24T14:58:24.186615Z",
      "updated_at": "2025-09-24T14:58:24.186615Z"
    }
  },
  {
    "model": "game_mechanics.rank",
    "pk": 8,
    "fields": {
      "uuid": "53993c7e-20a1-4f70-9463-d58b2f94e055",
      "name": "Легенда",
      "description": "Мифический статус, достижимый лишь единицами",
      "required_experience": 2800,
      "icon": null,
      "color": "#E91E63",
      "parent": 7,
      "game_world": 1,
      "created_at": "2025-09-24T14:58:24.186615Z",
      "updated_at": "2025-09-24T14:58:24.186615Z"
    }
  },
  {
    "model": "game_mechanics.rank",
    "pk": 9,
    "fields": {
      "uuid": "6d7d7c2d-7162-4cf1-9d5b-4908f03a871f",
      "name": "Чемпион",
      "description": "Абсолютный пик игрового совершенства",
      "required_experience": 3600,
      "icon": null,
      "color": "#3F51B5",
      "parent": 8,
      "game_world": 1,
      "created_at": "2025-09-24T14:58:24.186615Z",
      "updated_at": "2025-09-24T14:58:24.186615Z"
    }
  },
  {
    "model": "game_mechanics.rank",
    "pk": 10,
    "fields": {
      "uuid": "f67e7585-f61e-4c97-8fbd-55eebcb6ff87",
      "name": "Властелин",
      "description": "Высший ранг, символ абсолютного превосходства",
      "required_experience": 4500,
      "icon": null,
      "color": "#00BCD4",
      "parent": 9,
      "game_world": 1,
      "created_at": "2025-09-24T14:58:24.186615Z",
      "updated_at": "2025-09-24T14:58:24.186615Z"
    }
  },
  {
    "model": "user.user",
    "pk": 1,
    "fields": {
      "uuid": "0aa3d833-1c14-4df3-bd4c-0049e7d5fa00",
      "username": "candidate_user",
      "email": "candidate@example.com",
      "first_name": "Иван",
      "last_name": "Иванов",
      "middle_name": "Иванович",
      "password": "pbkdf2_sha256$260000$fake$hashedpassword",
      "is_superuser": false,
      "is_staff": false,
      "is_active": true
    }
  },
  {
    "model": "user.character",
    "pk": 1,
    "fields": {
      "uuid": "f9a2e719-511e-43dc-9a79-bbb10b1e48f1",
      "avatar": null,
      "currency": 0,
      "is_active": true,
      "role": "CANDIDATE",
      "user": 1,
      "game_world": 1,
      "created_at": "2025-09-24T14:58:24.186615Z",
      "updated_at": "2025-09-24T14:58:24.186615Z"
    }
  },
  {
    "model": "user.user",
    "pk": 2,
    "fields": {
      "uuid": "3b8fa420-94de-4cf4-b3df-8d91444cbd4d",
      "username": "employee_user",
      "email": "employee@example.com",
      "first_name": "Петр",
      "last_name": "Петров",
      "middle_name": "Петрович",
      "password": "pbkdf2_sha256$260000$fake$hashedpassword",
      "is_superuser": false,
      "is_staff": false,
      "is_active": true
    }
  },
  {
    "model": "user.character",
    "pk": 2,
    "fields": {
      "uuid": "73541653-c741-45e4-886c-51fcf8ac29fd",
      "avatar": null,
      "currency": 0,
      "is_active": true,
      "role": "EMPLOYEE",
      "user": 2,
      "game_world": 1,
      "created_at": "2025-09-24T14:58:24.186615Z",
      "updated_at": "2025-09-24T14:58:24.186615Z"
    }
  },
  {
    "model": "user.user",
    "pk": 3,
    "fields": {
      "uuid": "d281671b-e758-4cf7-8e71-3a289c88b6b7",
      "username": "manager_user",
      "email": "manager@example.com",
      "first_name": "Сергей",
      "last_name": "Сергеев",
      "middle_name": "Сергеевич",
      "password": "pbkdf2_sha256$260000$fake$hashedpassword",
      "is_superuser": false,
      "is_staff": false,
      "is_active": true
    }
  },
  {
    "model": "user.character",
    "pk": 3,
    "fields": {
      "uuid": "0dc30ae7-0ba9-4d5f-a3ce-865c59d94e67",
      "avatar": null,
      "currency": 0,
      "is_active": true,
      "role": "MANAGER",
      "user": 3,
      "game_world": 1,
      "created_at": "2025-09-24T14:58:24.186615Z",
      "updated_at": "2025-09-24T14:58:24.186615Z"
    }
  },
  {
    "model": "user.user",
    "pk": 4,
    "fields": {
      "uuid": "bfc8234a-e1e2-4ed7-8781-84e6acb1b8fc",
      "username": "content_manager_user",
      "email": "content@example.com",
      "first_name": "Анна",
      "last_name": "Контентова",
      "middle_name": "Андреевна",
      "password": "pbkdf2_sha256$260000$fake$hashedpassword",
      "is_superuser": false,
      "is_staff": false,
      "is_active": true
    }
  },
  {
    "model": "user.character",
    "pk": 4,
    "fields": {
      "uuid": "5f5d0389-6dfc-4bfa-89cb-e3d7f312a4c6",
      "avatar": null,
      "currency": 0,
      "is_active": true,
      "role": "CONTENT_MANAGER",
      "user": 4,
      "game_world": 1,
      "created_at": "2025-09-24T14:58:24.186615Z",
      "updated_at": "2025-09-24T14:58:24.186615Z"
    }
  },
  {
    "model": "user.user",
    "pk": 5,
    "fields": {
      "uuid": "9b84a9d3-8027-48f5-9282-bc41ae7a46ef",
      "username": "hr_user",
      "email": "hr@example.com",
      "first_name": "Мария",
      "last_name": "Рекрутова",
      "middle_name": "Игоревна",
      "password": "pbkdf2_sha256$260000$fake$hashedpassword",
      "is_superuser": false,
      "is_staff": false,
      "is_active": true
    }
  },
  {
    "model": "user.character",
    "pk": 5,
    "fields": {
      "uuid": "08782a5f-b8f9-45a2-a1a4-f98668eb91b8",
      "avatar": null,
      "currency": 0,
      "is_active": true,
      "role": "HR",
      "user": 5,
      "game_world": 1,
      "created_at": "2025-09-24T14:58:24.186615Z",
      "updated_at": "2025-09-24T14:58:24.186615Z"
    }
  },
  {
    "model": "user.user",
    "pk": 6,
    "fields": {
      "uuid": "65fc6ff7-dca3-4264-a8d0-b46c21704b2d",
      "username": "organizer_user",
      "email": "organizer@example.com",
      "first_name": "Ольга",
      "last_name": "Организаторова",
      "middle_name": "Валерьевна",
      "password": "pbkdf2_sha256$260000$fake$hashedpassword",
      "is_superuser": false,
      "is_staff": false,
      "is_active": true
    }
  },
  {
    "model": "user.character",
    "pk": 6,
    "fields": {
      "uuid": "e248f0cc-bd33-44f9-b6ee-548045426fa5",
      "avatar": null,
      "currency": 0,
      "is_active": true,
      "role": "ORGANIZER",
      "user": 6,
      "game_world": 1,
      "created_at": "2025-09-24T14:58:24.186615Z",
      "updated_at": "2025-09-24T14:58:24.186615Z"
    }
  },
  {
    "model": "user.user",
    "pk": 7,
    "fields": {
      "uuid": "3549e5df-14b7-4699-9e64-6d5c4c99d1cf",
      "username": "admin_user",
      "email": "admin@example.com",
      "first_name": "Админ",
      "last_name": "Системов",
      "middle_name": "Петрович",
      "password": "pbkdf2_sha256$260000$fake$hashedpassword",
      "is_superuser": true,
      "is_staff": true,
      "is_active": true
    }
  },
  {
    "model": "user.character",
    "pk": 7,
    "fields": {
      "uuid": "5dcfb444-cc3a-44cb-8bcd-d07a3d5a1e36",
      "avatar": null,
      "currency": 0,
      "is_active": true,
      "role": "ADMIN",
      "user": 7,
      "game_world": 1,
      "created_at": "2025-09-24T14:58:24.186615Z",
      "updated_at": "2025-09-24T14:58:24.186615Z"
    }
  },
  {
    "model": "communication.topic",
    "pk": 1,
    "fields": {
      "uuid": "9a7f2c98-1c45-4df5-8d9b-3fd6ac2e4f10",
      "name": "Новости организации",
      "icon": null,
      "color": "#FF5733",
      "created_at": "2025-01-01T10:00:00Z",
      "updated_at": "2025-01-01T10:00:00Z"
    }
  },
  {
    "model": "communication.topic",
    "pk": 2,
    "fields": {
      "uuid": "dd4450d2-238d-4639-81db-81cbf96453a9",
      "name": "Внутренние объявления",
      "icon": null,
      "color": "#33C3FF",
      "created_at": "2025-01-02T11:00:00Z",
      "updated_at": "2025-01-02T11:00:00Z"
    }
  },
  {
    "model": "communication.topic",
    "pk": 3,
    "fields": {
      "uuid": "2c676afe-18ef-4cf7-b3ce-13a1f5d58d83",
      "name": "Советы новичкам",
      "icon": null,
      "color": "#8DFF33",
      "created_at": "2025-01-03T12:00:00Z",
      "updated_at": "2025-01-03T12:00:00Z"
    }
  },
  {
    "model": "communication.topic",
    "pk": 4,
    "fields": {
      "uuid": "ad203c58-b962-4e9f-b8d7-fb6aeed5789f",
      "name": "Технические обновления",
      "icon": null,
      "color": "#FF33F6",
      "created_at": "2025-01-04T13:00:00Z",
      "updated_at": "2025-01-04T13:00:00Z"
    }
  },
  {
    "model": "communication.topic",
    "pk": 5,
    "fields": {
      "uuid": "c835f3f9-6dcf-4e2a-96e1-e6b08669a8e4",
      "name": "Мероприятия и ивенты",
      "icon": null,
      "color": "#33FFBA",
      "created_at": "2025-01-05T14:00:00Z",
      "updated_at": "2025-01-05T14:00:00Z"
    }
  },
  {
    "model": "communication.topic_game_worlds",
    "pk": 1,
    "fields": {
      "topic_id": 1,
      "gameworld_id": 1
    }
  },
  {
    "model": "communication.topic_game_worlds",
    "pk": 2,
    "fields": {
      "topic_id": 2,
      "gameworld_id": 1
    }
  },
  {
    "model": "communication.topic_game_worlds",
    "pk": 3,
    "fields": {
      "topic_id": 3,
      "gameworld_id": 1
    }
  },
  {
    "model": "communication.topic_game_worlds",
    "pk": 4,
    "fields": {
      "topic_id": 4,
      "gameworld_id": 1
    }
  },
  {
    "model": "communication.topic_game_worlds",
    "pk": 5,
    "fields": {
      "topic_id": 5,
      "gameworld_id": 1
    }
  },
  {
    "model": "communication.post",
    "pk": 1,
    "fields": {
      "uuid": "7ad05c95-d3ab-453b-9054-65b13a0c5f1a",
      "image": null,
      "name": "Добро пожаловать в новую эру!",
      "text": "Мы официально открылись и рады видеть всех участников!",
      "character": 4,
      "topic": 1,
      "created_at": "2025-01-06T09:00:00Z",
      "updated_at": "2025-01-06T09:00:00Z"
    }
  },
  {
    "model": "communication.post",
    "pk": 2,
    "fields": {
      "uuid": "fc94f991-4e38-4d3e-8591-b67203781c4a",
      "image": null,
      "name": "Изменения в структуре отделов",
      "text": "Утверждена новая иерархия внутри команды.",
      "character": 4,
      "topic": 1,
      "created_at": "2025-01-07T10:00:00Z",
      "updated_at": "2025-01-07T10:00:00Z"
    }
  },
  {
    "model": "communication.post",
    "pk": 3,
    "fields": {
      "uuid": "b39e4b2b-6492-4080-b62c-c6fd06075e4f",
      "image": null,
      "name": "Расписание собраний",
      "text": "Собрания теперь будут проходить каждый понедельник в 20:00.",
      "character": 4,
      "topic": 2,
      "created_at": "2025-01-08T11:00:00Z",
      "updated_at": "2025-01-08T11:00:00Z"
    }
  },
  {
    "model": "communication.post",
    "pk": 4,
    "fields": {
      "uuid": "d2a978f7-589d-4ab2-8262-99dc9fa8a515",
      "image": null,
      "name": "Полезные команды в чате",
      "text": "Вот список команд, которые помогут вам ориентироваться.",
      "character": 4,
      "topic": 3,
      "created_at": "2025-01-09T12:00:00Z",
      "updated_at": "2025-01-09T12:00:00Z"
    }
  },
  {
    "model": "communication.post",
    "pk": 5,
    "fields": {
      "uuid": "81b90bcd-3ef9-44a5-873e-c7b2aa032d6b",
      "image": null,
      "name": "Как присоединиться к ивенту",
      "text": "Инструкция по участию в ближайших мероприятиях.",
      "character": 4,
      "topic": 5,
      "created_at": "2025-01-10T13:00:00Z",
      "updated_at": "2025-01-10T13:00:00Z"
    }
  },
  {
    "model": "communication.post",
    "pk": 6,
    "fields": {
      "uuid": "f2d2f5df-f1dc-4327-b5e3-d2d98913a5a7",
      "image": null,
      "name": "Обновление сервера",
      "text": "Сегодня был установлен новый патч с исправлениями.",
      "character": 4,
      "topic": 4,
      "created_at": "2025-01-11T14:00:00Z",
      "updated_at": "2025-01-11T14:00:00Z"
    }
  },
  {
    "model": "communication.post",
    "pk": 7,
    "fields": {
      "uuid": "6ecdfabb-1b71-4a56-a694-77d7e21fa842",
      "image": null,
      "name": "Список изменений",
      "text": "Внесены следующие изменения в баланс персонажей...",
      "character": 4,
      "topic": 4,
      "created_at": "2025-01-12T15:00:00Z",
      "updated_at": "2025-01-12T15:00:00Z"
    }
  },
  {
    "model": "communication.post",
    "pk": 8,
    "fields": {
      "uuid": "7b33b086-eaf9-4af0-8328-83946df23ef4",
      "image": null,
      "name": "Советы по выживанию",
      "text": "Никогда не забудьте взять еду перед выходом в зону!",
      "character": 4,
      "topic": 3,
      "created_at": "2025-01-13T16:00:00Z",
      "updated_at": "2025-01-13T16:00:00Z"
    }
  },
  {
    "model": "communication.post",
    "pk": 9,
    "fields": {
      "uuid": "885e9c64-cc53-4d66-bb2f-70ea7f147b4b",
      "image": null,
      "name": "Результаты последнего ивента",
      "text": "Поздравляем победителей и благодарим всех участников!",
      "character": 4,
      "topic": 5,
      "created_at": "2025-01-14T17:00:00Z",
      "updated_at": "2025-01-14T17:00:00Z"
    }
  },
  {
    "model": "communication.post",
    "pk": 10,
    "fields": {
      "uuid": "8c9fc31f-98ef-4f69-937e-1c1e3cd89b57",
      "image": null,
      "name": "Новый отдел логистики",
      "text": "Создан новый отдел, отвечающий за снабжение базы.",
      "character": 4,
      "topic": 2,
      "created_at": "2025-01-15T18:00:00Z",
      "updated_at": "2025-01-15T18:00:00Z"
    }
  },
  {
    "model": "game_mechanics.Competency",
    "pk": 1,
    "fields": {
      "uuid": "a1b2c3d4-e5f6-7890-abcd-ef1234567001",
      "name": "Вера в дело",
      "description": "Базовая уверенность в правильности выбранного пути",
      "required_experience": 50,
      "level": 1,
      "color": "#4CAF50",
      "icon": null,
      "parent": null,
      "game_world": 1,
      "created_at": "2025-09-24T14:58:24.186615+00:00",
      "updated_at": "2025-09-24T14:58:24.186615+00:00"
    }
  },
  {
    "model": "game_mechanics.Competency",
    "pk": 2,
    "fields": {
      "uuid": "a1b2c3d4-e5f6-7890-abcd-ef1234567002",
      "name": "Вера в дело",
      "description": "Углубленная уверенность и преданность выбранному делу",
      "required_experience": 100,
      "level": 2,
      "color": "#388E3C",
      "icon": null,
      "parent": 1,
      "game_world": 1,
      "created_at": "2025-09-24T14:58:24.186615+00:00",
      "updated_at": "2025-09-24T14:58:24.186615+00:00"
    }
  },
  {
    "model": "game_mechanics.Competency",
    "pk": 3,
    "fields": {
      "uuid": "a1b2c3d4-e5f6-7890-abcd-ef1234567003",
      "name": "Стремление к большему",
      "description": "Базовое желание развиваться и достигать новых высот",
      "required_experience": 75,
      "level": 1,
      "color": "#2196F3",
      "icon": null,
      "parent": null,
      "game_world": 1,
      "created_at": "2025-09-24T14:58:24.186615+00:00",
      "updated_at": "2025-09-24T14:58:24.186615+00:00"
    }
  },
  {
    "model": "game_mechanics.Competency",
    "pk": 4,
    "fields": {
      "uuid": "a1b2c3d4-e5f6-7890-abcd-ef1234567004",
      "name": "Стремление к большему",
      "description": "Сильная мотивация к постоянному совершенствованию",
      "required_experience": 150,
      "level": 2,
      "color": "#1976D2",
      "icon": null,
      "parent": 3,
      "game_world": 1,
      "created_at": "2025-09-24T14:58:24.186615+00:00",
      "updated_at": "2025-09-24T14:58:24.186615+00:00"
    }
  },
  {
    "model": "game_mechanics.Competency",
    "pk": 5,
    "fields": {
      "uuid": "a1b2c3d4-e5f6-7890-abcd-ef1234567005",
      "name": "Общение",
      "description": "Базовые навыки коммуникации с другими людьми",
      "required_experience": 60,
      "level": 1,
      "color": "#FF9800",
      "icon": null,
      "parent": null,
      "game_world": 1,
      "created_at": "2025-09-24T14:58:24.186615+00:00",
      "updated_at": "2025-09-24T14:58:24.186615+00:00"
    }
  },
  {
    "model": "game_mechanics.Competency",
    "pk": 6,
    "fields": {
      "uuid": "a1b2c3d4-e5f6-7890-abcd-ef1234567006",
      "name": "Общение",
      "description": "Продвинутые навыки ведения переговоров и публичных выступлений",
      "required_experience": 120,
      "level": 2,
      "color": "#F57C00",
      "icon": null,
      "parent": 5,
      "game_world": 1,
      "created_at": "2025-09-24T14:58:24.186615+00:00",
      "updated_at": "2025-09-24T14:58:24.186615+00:00"
    }
  },
  {
    "model": "game_mechanics.Competency",
    "pk": 7,
    "fields": {
      "uuid": "a1b2c3d4-e5f6-7890-abcd-ef1234567007",
      "name": "Аналитика",
      "description": "Базовые навыки анализа информации и принятия решений",
      "required_experience": 120,
      "level": 1,
      "color": "#9C27B0",
      "icon": null,
      "parent": null,
      "game_world": 1,
      "created_at": "2025-09-24T14:58:24.186615+00:00",
      "updated_at": "2025-09-24T14:58:24.186615+00:00"
    }
  },
  {
    "model": "game_mechanics.Competency",
    "pk": 8,
    "fields": {
      "uuid": "a1b2c3d4-e5f6-7890-abcd-ef1234567008",
      "name": "Аналитика",
      "description": "Продвинутый анализ данных и стратегическое мышление",
      "required_experience": 240,
      "level": 2,
      "color": "#7B1FA2",
      "icon": null,
      "parent": 7,
      "game_world": 1,
      "created_at": "2025-09-24T14:58:24.186615+00:00",
      "updated_at": "2025-09-24T14:58:24.186615+00:00"
    }
  },
  {
    "model": "game_mechanics.Competency",
    "pk": 9,
    "fields": {
      "uuid": "a1b2c3d4-e5f6-7890-abcd-ef1234567009",
      "name": "Командование",
      "description": "Базовые навыки управления командой",
      "required_experience": 200,
      "level": 1,
      "color": "#F44336",
      "icon": null,
      "parent": null,
      "game_world": 1,
      "created_at": "2025-09-24T14:58:24.186615+00:00",
      "updated_at": "2025-09-24T14:58:24.186615+00:00"
    }
  },
  {
    "model": "game_mechanics.Competency",
    "pk": 10,
    "fields": {
      "uuid": "a1b2c3d4-e5f6-7890-abcd-ef1234567010",
      "name": "Командование",
      "description": "Продвинутое лидерство и управление крупными проектами",
      "required_experience": 400,
      "level": 2,
      "color": "#D32F2F",
      "icon": null,
      "parent": 9,
      "game_world": 1,
      "created_at": "2025-09-24T14:58:24.186615+00:00",
      "updated_at": "2025-09-24T14:58:24.186615+00:00"
    }
  },
  {
    "model": "game_mechanics.Competency",
    "pk": 11,
    "fields": {
      "uuid": "a1b2c3d4-e5f6-7890-abcd-ef1234567011",
      "name": "Юриспруденция",
      "description": "Базовые знания правовых норм и законодательства",
      "required_experience": 100,
      "level": 1,
      "color": "#3F51B5",
      "icon": null,
      "parent": null,
      "game_world": 1,
      "created_at": "2025-09-24T14:58:24.186615+00:00",
      "updated_at": "2025-09-24T14:58:24.186615+00:00"
    }
  },
  {
    "model": "game_mechanics.Competency",
    "pk": 12,
    "fields": {
      "uuid": "a1b2c3d4-e5f6-7890-abcd-ef1234567012",
      "name": "Юриспруденция",
      "description": "Продвинутые знания юриспруденции и судебной практики",
      "required_experience": 200,
      "level": 2,
      "color": "#303F9F",
      "icon": null,
      "parent": 11,
      "game_world": 1,
      "created_at": "2025-09-24T14:58:24.186615+00:00",
      "updated_at": "2025-09-24T14:58:24.186615+00:00"
    }
  },
  {
    "model": "game_mechanics.Competency",
    "pk": 13,
    "fields": {
      "uuid": "a1b2c3d4-e5f6-7890-abcd-ef1234567013",
      "name": "Трёхмерное мышление",
      "description": "Базовые навыки пространственного мышления",
      "required_experience": 180,
      "level": 1,
      "color": "#009688",
      "icon": null,
      "parent": null,
      "game_world": 1,
      "created_at": "2025-09-24T14:58:24.186615+00:00",
      "updated_at": "2025-09-24T14:58:24.186615+00:00"
    }
  },
  {
    "model": "game_mechanics.Competency",
    "pk": 14,
    "fields": {
      "uuid": "a1b2c3d4-e5f6-7890-abcd-ef1234567014",
      "name": "Трёхмерное мышление",
      "description": "Продвинутое проектирование в трёхмерном пространстве",
      "required_experience": 360,
      "level": 2,
      "color": "#00796B",
      "icon": null,
      "parent": 13,
      "game_world": 1,
      "created_at": "2025-09-24T14:58:24.186615+00:00",
      "updated_at": "2025-09-24T14:58:24.186615+00:00"
    }
  },
  {
    "model": "game_mechanics.Competency",
    "pk": 15,
    "fields": {
      "uuid": "a1b2c3d4-e5f6-7890-abcd-ef1234567015",
      "name": "Базовая экономика",
      "description": "Основные понятия экономики и финансов",
      "required_experience": 90,
      "level": 1,
      "color": "#795548",
      "icon": null,
      "parent": null,
      "game_world": 1,
      "created_at": "2025-09-24T14:58:24.186615+00:00",
      "updated_at": "2025-09-24T14:58:24.186615+00:00"
    }
  },
  {
    "model": "game_mechanics.Competency",
    "pk": 16,
    "fields": {
      "uuid": "a1b2c3d4-e5f6-7890-abcd-ef1234567016",
      "name": "Базовая экономика",
      "description": "Продвинутые экономические модели и анализ рынков",
      "required_experience": 180,
      "level": 2,
      "color": "#5D4037",
      "icon": null,
      "parent": 15,
      "game_world": 1,
      "created_at": "2025-09-24T14:58:24.186615+00:00",
      "updated_at": "2025-09-24T14:58:24.186615+00:00"
    }
  },
  {
    "model": "game_mechanics.Competency",
    "pk": 17,
    "fields": {
      "uuid": "a1b2c3d4-e5f6-7890-abcd-ef1234567017",
      "name": "Основы аэронавигации",
      "description": "Базовые принципы навигации в воздушном пространстве",
      "required_experience": 250,
      "level": 1,
      "color": "#607D8B",
      "icon": null,
      "parent": null,
      "game_world": 1,
      "created_at": "2025-09-24T14:58:24.186615+00:00",
      "updated_at": "2025-09-24T14:58:24.186615+00:00"
    }
  },
  {
    "model": "game_mechanics.Competency",
    "pk": 18,
    "fields": {
      "uuid": "a1b2c3d4-e5f6-7890-abcd-ef1234567018",
      "name": "Основы аэронавигации",
      "description": "Продвинутые системы навигации и управления полетами",
      "required_experience": 500,
      "level": 2,
      "color": "#455A64",
      "icon": null,
      "parent": 17,
      "game_world": 1,
      "created_at": "2025-09-24T14:58:24.186615+00:00",
      "updated_at": "2025-09-24T14:58:24.186615+00:00"
    }
  },
  {
    "model": "game_world.Artifact",
    "pk": 1,
    "fields": {
      "uuid": "550e8400-e29b-41d4-a716-446655440001",
      "name": "Ядро нейронного интерфейса \"Прометей\"",
      "description": "Древний, но превосходно сохранившийся чип, разработанный в первых колониальных экспедициях. Синхронизируется с кортикальной системой пилота, ускоряя обработку сенсорных данных и усвоение навыков в стрессовых ситуациях.",
      "icon": null,
      "color": "#4B0082",
      "modifier": "EXPERIENCE_GAIN",
      "modifier_value": 15,
      "game_world": 1,
      "created_at": "2025-09-24T14:58:24.186615+00:00",
      "updated_at": "2025-09-24T14:58:24.186615+00:00"
    }
  },
  {
    "model": "game_world.Artifact",
    "pk": 2,
    "fields": {
      "uuid": "550e8400-e29b-41d4-a716-446655440002",
      "name": "Голографический дневник капитана Элизы Рейн",
      "description": "Личные записи легендарного капитана-первопроходца, содержащие не только хроники открытий, но и детальный разбор тактических маневров, переговоров и инженерных решений. Позволяет учиться на ошибках и успехах великого исследователя.",
      "icon": null,
      "color": "#FFD700",
      "modifier": "EXPERIENCE_GAIN",
      "modifier_value": 10,
      "game_world": 1,
      "created_at": "2025-09-24T14:58:24.186615+00:00",
      "updated_at": "2025-09-24T14:58:24.186615+00:00"
    }
  },
  {
    "model": "game_world.Artifact",
    "pk": 3,
    "fields": {
      "uuid": "550e8400-e29b-41d4-a716-446655440003",
      "name": "Кристалл памяти Кс'арратхов",
      "description": "Артефакт загадочной инопланетной расы Кс'арратхов, способный хранить и передавать ментальные импринты навыков. При контакте дарует пользователю фрагменты чуждого, но невероятно продвинутого знания.",
      "icon": null,
      "color": "#00FF7F",
      "modifier": "EXPERIENCE_GAIN",
      "modifier_value": 20,
      "game_world": 1,
      "created_at": "2025-09-24T14:58:24.186615+00:00",
      "updated_at": "2025-09-24T14:58:24.186615+00:00"
    }
  },
  {
    "model": "game_world.Artifact",
    "pk": 4,
    "fields": {
      "uuid": "550e8400-e29b-41d4-a716-446655440004",
      "name": "Квантовый трейдер \"Удача Звездного Кита\"",
      "description": "Портативное устройство, использующее квантовую запутанность для анализа межпланетных бирж за доли секунды до обновления котировок. Позволяет находить самые выгодные торговые арбитражные возможности.",
      "icon": null,
      "color": "#32CD32",
      "modifier": "CURRENCY_GAIN",
      "modifier_value": 15,
      "game_world": 1,
      "created_at": "2025-09-24T14:58:24.186615+00:00",
      "updated_at": "2025-09-24T14:58:24.186615+00:00"
    }
  },
  {
    "model": "game_world.Artifact",
    "pk": 5,
    "fields": {
      "uuid": "550e8400-e29b-41d4-a716-446655440005",
      "name": "Карта тайных грузов Пояса Астероидов",
      "description": "Зашифрованная карта, ведущая к заброшенным тайникам контрабандистов и местам крушений кораблей с ценными грузами. Постоянно обновляется с учетом гравитационных сдвигов в Поясе.",
      "icon": null,
      "color": "#8B4513",
      "modifier": "CURRENCY_GAIN",
      "modifier_value": 25,
      "game_world": 1,
      "created_at": "2025-09-24T14:58:24.186615+00:00",
      "updated_at": "2025-09-24T14:58:24.186615+00:00"
    }
  },
  {
    "model": "game_world.Artifact",
    "pk": 6,
    "fields": {
      "uuid": "550e8400-e29b-41d4-a716-446655440006",
      "name": "Нано-анализатор рудных жил",
      "description": "Устройство, которое при сканировании астероида или планеты с высокой точностью определяет не только состав, но и самые богатые концентрации редких минералов, минимизируя затраты на добычу.",
      "icon": null,
      "color": "#C0C0C0",
      "modifier": "CURRENCY_GAIN",
      "modifier_value": 10,
      "game_world": 1,
      "created_at": "2025-09-24T14:58:24.186615+00:00",
      "updated_at": "2025-09-24T14:58:24.186615+00:00"
    }
  },
  {
    "model": "game_world.Artifact",
    "pk": 7,
    "fields": {
      "uuid": "550e8400-e29b-41d4-a716-446655440007",
      "name": "Дипломатическая печать Альянса \"Платина\"",
      "description": "Высшая степень доверия, выдаваемая пилотам, оказавшим неоценимые услуги Альянсу. Предоставляет доступ к закрытым правительственным аукционам и складам с передовым оборудованием по себестоимости.",
      "icon": null,
      "color": "#E5E4E2",
      "modifier": "SHOP_DISCOUNT",
      "modifier_value": 20,
      "game_world": 1,
      "created_at": "2025-09-24T14:58:24.186615+00:00",
      "updated_at": "2025-09-24T14:58:24.186615+00:00"
    }
  },
  {
    "model": "game_world.Artifact",
    "pk": 8,
    "fields": {
      "uuid": "550e8400-e29b-41d4-a716-446655440008",
      "name": "Членская карта Гильдии торговцев \"Зеро-Г\"",
      "description": "Золотая карта элитной гильдии торговцев. Ее владельцы получают эксклюзивные скидки у всех поставщиков, аффилированных с Гильдией, по всей освоенной территории.",
      "icon": null,
      "color": "#FFDF00",
      "modifier": "SHOP_DISCOUNT",
      "modifier_value": 15,
      "game_world": 1,
      "created_at": "2025-09-24T14:58:24.186615+00:00",
      "updated_at": "2025-09-24T14:58:24.186615+00:00"
    }
  },
  {
    "model": "game_world.Artifact",
    "pk": 9,
    "fields": {
      "uuid": "550e8400-e29b-41d4-a716-446655440009",
      "name": "Ключ доступа к сети \"Бартер-Сеть\"",
      "description": "Нелегальный децентрализованный чип, который подключается к теневой сети обмена между пилотами, ремонтниками и торговцами. Позволяет находить уникальные предложения и торговаться без лишних наценок.",
      "icon": null,
      "color": "#FF4500",
      "modifier": "SHOP_DISCOUNT",
      "modifier_value": 10,
      "game_world": 1,
      "created_at": "2025-09-24T14:58:24.186615+00:00",
      "updated_at": "2025-09-24T14:58:24.186615+00:00"
    }
  },
  {
    "model": "game_world.Artifact",
    "pk": 10,
    "fields": {
      "uuid": "550e8400-e29b-41d4-a716-446655440010",
      "name": "Сертификат аккредитации пилота-первопроходца",
      "description": "Официальный документ, дающий право претендовать на первопроходческие миссии по картографированию новых систем и право давать имена открытым объектам. Символ статуса и доверия Альянса.",
      "icon": null,
      "color": "#000080",
      "modifier": "DEFAULT",
      "modifier_value": 0,
      "game_world": 1,
      "created_at": "2025-09-24T14:58:24.186615+00:00",
      "updated_at": "2025-09-24T14:58:24.186615+00:00"
    }
  },
  {
    "model": "game_world.Artifact",
    "pk": 11,
    "fields": {
      "uuid": "550e8400-e29b-41d4-a716-446655440011",
      "name": "Медальон перемирия с Конкордиатом Сириуса",
      "description": "Символ дипломатического соглашения между Альянсом и могущественной инопланетной расой. Ношение медальона гарантирует безопасный проход через их пространство и доступ к их дипломатическим миссиям.",
      "icon": null,
      "color": "#9370DB",
      "modifier": "DEFAULT",
      "modifier_value": 0,
      "game_world": 1,
      "created_at": "2025-09-24T14:58:24.186615+00:00",
      "updated_at": "2025-09-24T14:58:24.186615+00:00"
    }
  },
  {
    "model": "game_world.Artifact",
    "pk": 12,
    "fields": {
      "uuid": "550e8400-e29b-41d4-a716-446655440012",
      "name": "Черный ящик корабля \"Скиталец\"",
      "description": "Разбитый бортовой самописец с корабля, бесследно исчезнувшего десятилетия назад на краю известного пространства. Его расшифровка может привести к величайшей тайне или самой большой опасности.",
      "icon": null,
      "color": "#2F4F4F",
      "modifier": "DEFAULT",
      "modifier_value": 0,
      "game_world": 1,
      "created_at": "2025-09-24T14:58:24.186615+00:00",
      "updated_at": "2025-09-24T14:58:24.186615+00:00"
    }
  },
  {
    "model": "game_world.ActivityCategory",
    "pk": 1,
    "fields": {
      "uuid": "550e8400-e29b-41d4-a716-446655440013",
      "name": "Квест",
      "description": "Последовательность заданий для новых сотрудников с целью знакомства с компанией, процессами и коллегами. Включает ориентационные мероприятия и вводные задачи.",
      "repeatability": null,
      "icon": null,
      "color": "#4CAF50",
      "created_at": "2025-01-15T10:00:00Z",
      "updated_at": "2025-01-15T10:00:00Z"
    }
  },
  {
    "model": "game_world.ActivityCategory",
    "pk": 2,
    "fields": {
      "uuid": "550e8400-e29b-41d4-a716-446655440014",
      "name": "Рекрутинг",
      "description": "Активности по привлечению и отбору кандидатов: проведение собеседований, оценка навыков, участие в карьерных мероприятиях и работа с кандидатами.",
      "repeatability": null,
      "icon": null,
      "color": "#2196F3",
      "created_at": "2025-01-15T10:00:00Z",
      "updated_at": "2025-01-15T10:00:00Z"
    }
  },
  {
    "model": "game_world.ActivityCategory",
    "pk": 3,
    "fields": {
      "uuid": "550e8400-e29b-41d4-a716-446655440015",
      "name": "Лекторий",
      "description": "Проведение обучающих мероприятий: внутренние воркшопы, мастер-классы, презентации знаний и менторские сессии для развития сотрудников.",
      "repeatability": null,
      "icon": null,
      "color": "#FF9800",
      "created_at": "2025-01-15T10:00:00Z",
      "updated_at": "2025-01-15T10:00:00Z"
    }
  },
  {
    "model": "game_world.ActivityCategory",
    "pk": 4,
    "fields": {
      "uuid": "550e8400-e29b-41d4-a716-446655440016",
      "name": "Симулятор",
      "description": "Практические упражнения и ролевые игры для отработки рабочих ситуаций: имитация собеседований, переговоров и рабочих процессов.",
      "repeatability": null,
      "icon": null,
      "color": "#9C27B0",
      "created_at": "2025-01-15T10:00:00Z",
      "updated_at": "2025-01-15T10:00:00Z"
    }
  },
  {
    "model": "game_world.ActivityCategory",
    "pk": 5,
    "fields": {
      "uuid": "550e8400-e29b-41d4-a716-446655440017",
      "name": "Адаптация",
      "description": "Активности по интеграции новых сотрудников: программа онбординга, знакомство с командой, кураторство и сопровождение в первые месяцы работы.",
      "repeatability": null,
      "icon": null,
      "color": "#00BCD4",
      "created_at": "2025-01-15T10:00:00Z",
      "updated_at": "2025-01-15T10:00:00Z"
    }
  },
  {
    "model": "game_world.ActivityCategory",
    "pk": 6,
    "fields": {
      "uuid": "550e8400-e29b-41d4-a716-446655440018",
      "name": "Оценка",
      "description": "Проведение оценочных мероприятий: ассессмент-центры, оценка компетенций, обратная связь по результатам работы и карьерные консультации.",
      "repeatability": null,
      "icon": null,
      "color": "#F44336",
      "created_at": "2025-01-15T10:00:00Z",
      "updated_at": "2025-01-15T10:00:00Z"
    }
  },
  {
    "model": "game_world.ActivityCategory",
    "pk": 7,
    "fields": {
      "uuid": "550e8400-e29b-41d4-a716-446655440019",
      "name": "Развитие",
      "description": "Активности по профессиональному росту сотрудников: планирование карьеры, коучинг-сессии, участие в конференциях и обучение новым навыкам.",
      "repeatability": null,
      "icon": null,
      "color": "#673AB7",
      "created_at": "2025-01-15T10:00:00Z",
      "updated_at": "2025-01-15T10:00:00Z"
    }
  },
  {
    "model": "game_world.ActivityCategory",
    "pk": 8,
    "fields": {
      "uuid": "550e8400-e29b-41d4-a716-446655440020",
      "name": "Тимбилдинг",
      "description": "Мероприятия по укреплению командного духа: корпоративные события, тим-тренинги, совместные проекты и неформальные встречи команды.",
      "repeatability": null,
      "icon": null,
      "color": "#E91E63",
      "created_at": "2025-01-15T10:00:00Z",
      "updated_at": "2025-01-15T10:00:00Z"
    }
  },
  {
    "model": "game_world.ActivityCategory",
    "pk": 9,
    "fields": {
      "uuid": "550e8400-e29b-41d4-a716-446655440021",
      "name": "Бренд работодателя",
      "description": "Активности по укреплению HR-бренда: участие в днях карьеры, создание контента о компании, работа с соцсетями и отзовиками.",
      "repeatability": null,
      "icon": null,
      "color": "#795548",
      "created_at": "2025-01-15T10:00:00Z",
      "updated_at": "2025-01-15T10:00:00Z"
    }
  },
  {
    "model": "game_world.ActivityCategory",
    "pk": 10,
    "fields": {
      "uuid": "550e8400-e29b-41d4-a716-446655440022",
      "name": "Процессы и аналитика",
      "description": "Работа над улучшением HR-процессов: анализ метрик, оптимизация процедур, автоматизация задач и разработка HR-инструментов.",
      "repeatability": null,
      "icon": null,
      "color": "#607D8B",
      "created_at": "2025-01-15T10:00:00Z",
      "updated_at": "2025-01-15T10:00:00Z"
    }
  },
  {
    "model": "game_world.MissionLevel",
    "pk": 1,
    "fields": {
      "uuid": "550e8400-e29b-41d4-a716-446655440023",
      "name": "Простой",
      "description": "Базовые задачи для новичков. Не требуют специальных навыков и занимают мало времени.",
      "icon": null,
      "color": "#4CAF50",
      "multiplier_experience": 100,
      "multiplier_currency": 100,
      "created_at": "2025-01-15T10:00:00Z",
      "updated_at": "2025-01-15T10:00:00Z"
    }
  },
  {
    "model": "game_world.MissionLevel",
    "pk": 2,
    "fields": {
      "uuid": "550e8400-e29b-41d4-a716-446655440024",
      "name": "Средний",
      "description": "Задачи средней сложности. Требуют некоторых знаний и опыта, время выполнения умеренное.",
      "icon": null,
      "color": "#2196F3",
      "multiplier_experience": 150,
      "multiplier_currency": 150,
      "created_at": "2025-01-15T10:00:00Z",
      "updated_at": "2025-01-15T10:00:00Z"
    }
  },
  {
    "model": "game_world.MissionLevel",
    "pk": 3,
    "fields": {
      "uuid": "550e8400-e29b-41d4-a716-446655440025",
      "name": "Сложный",
      "description": "Серьёзные задачи, требующие профессиональных навыков. Занимают значительное время и усилия.",
      "icon": null,
      "color": "#FF9800",
      "multiplier_experience": 250,
      "multiplier_currency": 250,
      "created_at": "2025-01-15T10:00:00Z",
      "updated_at": "2025-01-15T10:00:00Z"
    }
  },
  {
    "model": "game_world.MissionLevel",
    "pk": 4,
    "fields": {
      "uuid": "550e8400-e29b-41d4-a716-446655440026",
      "name": "Экспертный",
      "description": "Задачи высшего уровня сложности. Требуют экспертных знаний и могут занимать несколько дней.",
      "icon": null,
      "color": "#F44336",
      "multiplier_experience": 400,
      "multiplier_currency": 400,
      "created_at": "2025-01-15T10:00:00Z",
      "updated_at": "2025-01-15T10:00:00Z"
    }
  },
  {
    "model": "game_world.MissionLevel",
    "pk": 5,
    "fields": {
      "uuid": "550e8400-e29b-41d4-a716-446655440027",
      "name": "Легендарный",
      "description": "Исключительно сложные миссии, доступные только лучшим из лучших. Требуют максимальной отдачи и специализированных навыков.",
      "icon": null,
      "color": "#9C27B0",
      "multiplier_experience": 600,
      "multiplier_currency": 600,
      "created_at": "2025-01-15T10:00:00Z",
      "updated_at": "2025-01-15T10:00:00Z"
    }
  },
  {
    "model": "game_world.Event",
    "pk": 1,
    "fields": {
      "uuid": "550e8400-e29b-41d4-a716-446655440028",
      "name": "День открытых дверей для кандидатов",
      "description": "Организация и проведение дня открытых дверей для потенциальных кандидатов. Включает презентацию компании, экскурсию по офису и неформальное общение с командой.",
      "experience": 200,
      "icon": null,
      "color": "#4CAF50",
      "currency": 150,
      "required_number": 5,
      "is_active": true,
      "start_datetime": "2025-10-15T10:00:00Z",
      "time_to_complete": 7,
      "category": 9,
      "rank": 2,
      "mentor": null,
      "game_world": 1,
      "created_at": "2025-01-15T10:00:00Z",
      "updated_at": "2025-01-15T10:00:00Z"
    }
  },
  {
    "model": "game_world.Event",
    "pk": 2,
    "fields": {
      "uuid": "550e8400-e29b-41d4-a716-446655440029",
      "name": "Серия мастер-классов по проведению собеседований",
      "description": "Цикл обучающих мероприятий для сотрудников, участвующих в процессе рекрутинга. Практические занятия по техникам интервью и оценке кандидатов.",
      "experience": 350,
      "icon": null,
      "color": "#2196F3",
      "currency": 250,
      "required_number": 8,
      "is_active": true,
      "start_datetime": "2025-10-20T14:00:00Z",
      "time_to_complete": 14,
      "category": 3,
      "rank": 3,
      "mentor": null,
      "game_world": 1,
      "created_at": "2025-01-15T10:00:00Z",
      "updated_at": "2025-01-15T10:00:00Z"
    }
  },
  {
    "model": "game_world.Event",
    "pk": 3,
    "fields": {
      "uuid": "550e8400-e29b-41d4-a716-446655440030",
      "name": "Неделя адаптации новых сотрудников",
      "description": "Комплекс мероприятий по интеграции новых членов команды: воркшопы, знакомство с процессами, менторские сессии и тимбилдинг.",
      "experience": 150,
      "icon": null,
      "color": "#00BCD4",
      "currency": 100,
      "required_number": 10,
      "is_active": true,
      "start_datetime": "2025-11-01T09:00:00Z",
      "time_to_complete": 5,
      "category": 5,
      "rank": 1,
      "mentor": null,
      "game_world": 1,
      "created_at": "2025-01-15T10:00:00Z",
      "updated_at": "2025-01-15T10:00:00Z"
    }
  },
  {
    "model": "game_world.Event",
    "pk": 4,
    "fields": {
      "uuid": "550e8400-e29b-41d4-a716-446655440031",
      "name": "HR-аналитика: сбор и обработка метрик отбора",
      "description": "Масштабный проект по анализу эффективности рекрутинговых процессов. Сбор данных, построение отчетов и выработка рекомендаций по оптимизации.",
      "experience": 600,
      "icon": null,
      "color": "#607D8B",
      "currency": 400,
      "required_number": 3,
      "is_active": true,
      "start_datetime": "2025-11-10T11:00:00Z",
      "time_to_complete": 21,
      "category": 10,
      "rank": 4,
      "mentor": null,
      "game_world": 1,
      "created_at": "2025-01-15T10:00:00Z",
      "updated_at": "2025-01-15T10:00:00Z"
    }
  },
  {
    "model": "game_world.EventArtifact",
    "pk": 1,
    "fields": {
      "uuid": "550e8400-e29b-41d4-a716-446655440032",
      "event": 1,
      "artifact": 2,
      "created_at": "2025-01-15T10:00:00Z",
      "updated_at": "2025-01-15T10:00:00Z"
    }
  },
  {
    "model": "game_world.EventArtifact",
    "pk": 2,
    "fields": {
      "uuid": "550e8400-e29b-41d4-a716-446655440033",
      "event": 2,
      "artifact": 1,
      "created_at": "2025-01-15T10:00:00Z",
      "updated_at": "2025-01-15T10:00:00Z"
    }
  },
  {
    "model": "game_world.EventArtifact",
    "pk": 3,
    "fields": {
      "uuid": "550e8400-e29b-41d4-a716-446655440034",
      "event": 4,
      "artifact": 3,
      "created_at": "2025-01-15T10:00:00Z",
      "updated_at": "2025-01-15T10:00:00Z"
    }
  },
  {
    "model": "game_world.EventCompetency",
    "pk": 1,
    "fields": {
      "uuid": "550e8400-e29b-41d4-a716-446655440035",
      "event": 1,
      "competency": 5,
      "experience": 25,
      "created_at": "2025-01-15T10:00:00Z",
      "updated_at": "2025-01-15T10:00:00Z"
    }
  },
  {
    "model": "game_world.EventCompetency",
    "pk": 2,
    "fields": {
      "uuid": "550e8400-e29b-41d4-a716-446655440036",
      "event": 1,
      "competency": 9,
      "experience": 20,
      "created_at": "2025-01-15T10:00:00Z",
      "updated_at": "2025-01-15T10:00:00Z"
    }
  },
  {
    "model": "game_world.EventCompetency",
    "pk": 3,
    "fields": {
      "uuid": "550e8400-e29b-41d4-a716-446655440037",
      "event": 2,
      "competency": 5,
      "experience": 30,
      "created_at": "2025-01-15T10:00:00Z",
      "updated_at": "2025-01-15T10:00:00Z"
    }
  },
  {
    "model": "game_world.EventCompetency",
    "pk": 4,
    "fields": {
      "uuid": "550e8400-e29b-41d4-a716-446655440038",
      "event": 2,
      "competency": 7,
      "experience": 35,
      "created_at": "2025-01-15T10:00:00Z",
      "updated_at": "2025-01-15T10:00:00Z"
    }
  },
  {
    "model": "game_world.EventCompetency",
    "pk": 5,
    "fields": {
      "uuid": "550e8400-e29b-41d4-a716-446655440039",
      "event": 3,
      "competency": 1,
      "experience": 20,
      "created_at": "2025-01-15T10:00:00Z",
      "updated_at": "2025-01-15T10:00:00Z"
    }
  },
  {
    "model": "game_world.EventCompetency",
    "pk": 6,
    "fields": {
      "uuid": "550e8400-e29b-41d4-a716-446655440040",
      "event": 3,
      "competency": 3,
      "experience": 15,
      "created_at": "2025-01-15T10:00:00Z",
      "updated_at": "2025-01-15T10:00:00Z"
    }
  },
  {
    "model": "game_world.EventCompetency",
    "pk": 7,
    "fields": {
      "uuid": "550e8400-e29b-41d4-a716-446655440041",
      "event": 4,
      "competency": 7,
      "experience": 50,
      "created_at": "2025-01-15T10:00:00Z",
      "updated_at": "2025-01-15T10:00:00Z"
    }
  },
  {
    "model": "game_world.EventCompetency",
    "pk": 8,
    "fields": {
      "uuid": "550e8400-e29b-41d4-a716-446655440042",
      "event": 4,
      "competency": 15,
      "experience": 40,
      "created_at": "2025-01-15T10:00:00Z",
      "updated_at": "2025-01-15T10:00:00Z"
    }
  },
  {
    "model": "game_world.MissionBranch",
    "pk": 1,
    "fields": {
      "uuid": "550e8400-e29b-41d4-a716-446655440043",
      "name": "Основы рекрутинга",
      "description": "Ветка миссий для освоения базовых навыков подбора персонала: от поиска кандидатов до проведения первых собеседований.",
      "icon": null,
      "color": "#2196F3",
      "is_active": true,
      "start_datetime": null,
      "time_to_complete": 30,
      "rank": 1,
      "category": 2,
      "mentor": null,
      "game_world": 1,
      "created_at": "2025-01-15T10:00:00Z",
      "updated_at": "2025-01-15T10:00:00Z"
    }
  },
  {
    "model": "game_world.MissionBranch",
    "pk": 2,
    "fields": {
      "uuid": "550e8400-e29b-41d4-a716-446655440044",
      "name": "Адаптация и онбординг",
      "description": "Ветка миссий по интеграции новых сотрудников в компанию и созданию комфортной рабочей среды.",
      "icon": null,
      "color": "#00BCD4",
      "is_active": true,
      "start_datetime": null,
      "time_to_complete": 21,
      "rank": 2,
      "category": 5,
      "mentor": null,
      "game_world": 1,
      "created_at": "2025-01-15T10:00:00Z",
      "updated_at": "2025-01-15T10:00:00Z"
    }
  },
  {
    "model": "game_world.MissionBranch",
    "pk": 3,
    "fields": {
      "uuid": "550e8400-e29b-41d4-a716-446655440045",
      "name": "HR-бренд и коммуникации",
      "description": "Ветка миссий по развитию HR-бренда компании и улучшению внутренних коммуникаций.",
      "icon": null,
      "color": "#795548",
      "is_active": true,
      "start_datetime": null,
      "time_to_complete": 45,
      "rank": 3,
      "category": 9,
      "mentor": null,
      "game_world": 1,
      "created_at": "2025-01-15T10:00:00Z",
      "updated_at": "2025-01-15T10:00:00Z"
    }
  },
  {
    "model": "game_world.Mission",
    "pk": 1,
    "fields": {
      "uuid": "550e8400-e29b-41d4-a716-446655440046",
      "name": "Составление профиля идеального кандидата",
      "description": "Разработка детального описания требований к кандидату на конкретную позицию: hard и soft skills, опыт, личные качества.",
      "experience": 100,
      "currency": 80,
      "icon": null,
      "color": "",
      "order": 1,
      "is_key_mission": true,
      "is_active": true,
      "time_to_complete": 3,
      "branch": 1,
      "category": 2,
      "mentor": null,
      "level": 1,
      "game_world": 1,
      "created_at": "2025-01-15T10:00:00Z",
      "updated_at": "2025-01-15T10:00:00Z"
    }
  },
  {
    "model": "game_world.Mission",
    "pk": 2,
    "fields": {
      "uuid": "550e8400-e29b-41d4-a716-446655440047",
      "name": "Поиск кандидатов в профессиональных соцсетях",
      "description": "Активный поиск потенциальных кандидатов в LinkedIn и других профессиональных сетях. Составление первичного списка для контакта.",
      "experience": 120,
      "currency": 100,
      "icon": null,
      "color": "",
      "order": 2,
      "is_key_mission": false,
      "is_active": true,
      "time_to_complete": 5,
      "branch": 1,
      "category": 2,
      "mentor": null,
      "level": 1,
      "game_world": 1,
      "created_at": "2025-01-15T10:00:00Z",
      "updated_at": "2025-01-15T10:00:00Z"
    }
  },
  {
    "model": "game_world.Mission",
    "pk": 3,
    "fields": {
      "uuid": "550e8400-e29b-41d4-a716-446655440048",
      "name": "Проведение телефонного интервью",
      "description": "Организация и проведение телефонного собеседования с кандидатом. Оценка базовых компетенций и мотивации.",
      "experience": 150,
      "currency": 120,
      "icon": null,
      "color": "",
      "order": 3,
      "is_key_mission": true,
      "is_active": true,
      "time_to_complete": 2,
      "branch": 1,
      "category": 2,
      "mentor": null,
      "level": 2,
      "game_world": 1,
      "created_at": "2025-01-15T10:00:00Z",
      "updated_at": "2025-01-15T10:00:00Z"
    }
  },
  {
    "model": "game_world.Mission",
    "pk": 4,
    "fields": {
      "uuid": "550e8400-e29b-41d4-a716-446655440049",
      "name": "Подготовка welcome-пакета для новичка",
      "description": "Сбор всей необходимой информации и материалов для нового сотрудника: доступы, документация, контакты, сувенирная продукция.",
      "experience": 80,
      "currency": 60,
      "icon": null,
      "color": "",
      "order": 1,
      "is_key_mission": true,
      "is_active": true,
      "time_to_complete": 2,
      "branch": 2,
      "category": 5,
      "mentor": null,
      "level": 1,
      "game_world": 1,
      "created_at": "2025-01-15T10:00:00Z",
      "updated_at": "2025-01-15T10:00:00Z"
    }
  },
  {
    "model": "game_world.Mission",
    "pk": 5,
    "fields": {
      "uuid": "550e8400-e29b-41d4-a716-446655440050",
      "name": "Проведение ознакомительной экскурсии",
      "description": "Организация экскурсии по офису для нового сотрудника, знакомство с коллегами и рабочими зонами.",
      "experience": 60,
      "currency": 50,
      "icon": null,
      "color": "",
      "order": 2,
      "is_key_mission": false,
      "is_active": true,
      "time_to_complete": 1,
      "branch": 2,
      "category": 5,
      "mentor": null,
      "level": 1,
      "game_world": 1,
      "created_at": "2025-01-15T10:00:00Z",
      "updated_at": "2025-01-15T10:00:00Z"
    }
  },
  {
    "model": "game_world.Mission",
    "pk": 6,
    "fields": {
      "uuid": "550e8400-e29b-41d4-a716-446655440051",
      "name": "Написание отзыва о компании на порталах",
      "description": "Создание качественного и информативного отзыва о работе в компании на популярных порталах для работодателей.",
      "experience": 90,
      "currency": 70,
      "icon": null,
      "color": "",
      "order": 1,
      "is_key_mission": false,
      "is_active": true,
      "time_to_complete": 1,
      "branch": 3,
      "category": 9,
      "mentor": null,
      "level": 1,
      "game_world": 1,
      "created_at": "2025-01-15T10:00:00Z",
      "updated_at": "2025-01-15T10:00:00Z"
    }
  },
  {
    "model": "game_world.Mission",
    "pk": 7,
    "fields": {
      "uuid": "550e8400-e29b-41d4-a716-446655440052",
      "name": "Подготовка контента для HR-блога",
      "description": "Написание статьи или создание презентации о карьерных возможностях в компании для публикации в корпоративном блоге.",
      "experience": 180,
      "currency": 150,
      "icon": null,
      "color": "",
      "order": 2,
      "is_key_mission": true,
      "is_active": true,
      "time_to_complete": 5,
      "branch": 3,
      "category": 9,
      "mentor": null,
      "level": 2,
      "game_world": 1,
      "created_at": "2025-01-15T10:00:00Z",
      "updated_at": "2025-01-15T10:00:00Z"
    }
  },
  {
    "model": "game_world.MissionArtifact",
    "pk": 1,
    "fields": {
      "uuid": "550e8400-e29b-41d4-a716-446655440053",
      "mission": 3,
      "artifact": 9,
      "created_at": "2025-01-15T10:00:00Z",
      "updated_at": "2025-01-15T10:00:00Z"
    }
  },
  {
    "model": "game_world.MissionArtifact",
    "pk": 2,
    "fields": {
      "uuid": "550e8400-e29b-41d4-a716-446655440054",
      "mission": 7,
      "artifact": 8,
      "created_at": "2025-01-15T10:00:00Z",
      "updated_at": "2025-01-15T10:00:00Z"
    }
  },
  {
    "model": "game_world.MissionCompetency",
    "pk": 1,
    "fields": {
      "uuid": "550e8400-e29b-41d4-a716-446655440055",
      "mission": 1,
      "competency": 7,
      "experience": 15,
      "created_at": "2025-01-15T10:00:00Z",
      "updated_at": "2025-01-15T10:00:00Z"
    }
  },
  {
    "model": "game_world.MissionCompetency",
    "pk": 2,
    "fields": {
      "uuid": "550e8400-e29b-41d4-a716-446655440056",
      "mission": 2,
      "competency": 5,
      "experience": 10,
      "created_at": "2025-01-15T10:00:00Z",
      "updated_at": "2025-01-15T10:00:00Z"
    }
  },
  {
    "model": "game_world.MissionCompetency",
    "pk": 3,
    "fields": {
      "uuid": "550e8400-e29b-41d4-a716-446655440057",
      "mission": 3,
      "competency": 5,
      "experience": 20,
      "created_at": "2025-01-15T10:00:00Z",
      "updated_at": "2025-01-15T10:00:00Z"
    }
  },
  {
    "model": "game_world.MissionCompetency",
    "pk": 4,
    "fields": {
      "uuid": "550e8400-e29b-41d4-a716-446655440058",
      "mission": 3,
      "competency": 7,
      "experience": 15,
      "created_at": "2025-01-15T10:00:00Z",
      "updated_at": "2025-01-15T10:00:00Z"
    }
  },
  {
    "model": "game_world.MissionCompetency",
    "pk": 5,
    "fields": {
      "uuid": "550e8400-e29b-41d4-a716-446655440059",
      "mission": 4,
      "competency": 1,
      "experience": 10,
      "created_at": "2025-01-15T10:00:00Z",
      "updated_at": "2025-01-15T10:00:00Z"
    }
  },
  {
    "model": "game_world.MissionCompetency",
    "pk": 6,
    "fields": {
      "uuid": "550e8400-e29b-41d4-a716-446655440060",
      "mission": 5,
      "competency": 5,
      "experience": 8,
      "created_at": "2025-01-15T10:00:00Z",
      "updated_at": "2025-01-15T10:00:00Z"
    }
  },
  {
    "model": "game_world.MissionCompetency",
    "pk": 7,
    "fields": {
      "uuid": "550e8400-e29b-41d4-a716-446655440061",
      "mission": 6,
      "competency": 5,
      "experience": 12,
      "created_at": "2025-01-15T10:00:00Z",
      "updated_at": "2025-01-15T10:00:00Z"
    }
  },
  {
    "model": "game_world.MissionCompetency",
    "pk": 8,
    "fields": {
      "uuid": "550e8400-e29b-41d4-a716-446655440062",
      "mission": 7,
      "competency": 5,
      "experience": 25,
      "created_at": "2025-01-15T10:00:00Z",
      "updated_at": "2025-01-15T10:00:00Z"
    }
  },
  {
    "model": "game_world.MissionCompetency",
    "pk": 9,
    "fields": {
      "uuid": "550e8400-e29b-41d4-a716-446655440063",
      "mission": 7,
      "competency": 9,
      "experience": 20,
      "created_at": "2025-01-15T10:00:00Z",
      "updated_at": "2025-01-15T10:00:00Z"
    }
  },
  {
    "model": "shop.ShopItemCategory",
    "pk": 1,
    "fields": {
      "uuid": "1e90516a-6a8f-465c-aae1-0c300e465306",
      "name": "Мерч",
      "description": "Фирменный мерч",
      "icon": null,
      "color": "",
      "created_at": "2025-01-27T07:56:32.528Z",
      "updated_at": "2025-01-27T07:56:32.528Z"
    }
  },
  {
    "model": "shop.ShopItemCategory",
    "pk": 2,
    "fields": {
      "uuid": "58fe52c2-9f21-4dc5-9033-3711c54ef51e",
      "name": "Билет",
      "description": "Билет на концерт",
      "icon": null,
      "color": "",
      "created_at": "2025-01-27T07:56:32.528Z",
      "updated_at": "2025-01-27T07:56:32.528Z"
    }
  },
  {
    "model": "shop.ShopItemCategory",
    "pk": 3,
    "fields": {
      "uuid": "36f65f85-c829-445d-b7a6-abe406799446",
      "name": "Бонус",
      "description": "Бонус на покупку бытовой техники в М.Видео",
      "icon": null,
      "color": "",
      "created_at": "2025-01-27T07:56:32.528Z",
      "updated_at": "2025-01-27T07:56:32.528Z"
    }
  },
  {
    "model": "shop.ShopItemCategory",
    "pk": 4,
    "fields": {
      "uuid": "df2ee589-3ff2-414f-ad7a-4c8f39147206",
      "name": "Крусы",
      "description": "Любой курс в ИТ",
      "icon": null,
      "color": "",
      "created_at": "2025-01-27T07:56:32.528Z",
      "updated_at": "2025-01-27T07:56:32.528Z"
    }
  },
  {
    "model": "shop.ShopItem",
    "pk": 1,
    "fields": {
      "uuid": "8a10047f-036e-40a2-bf06-1d9c33245f4e",
      "name": "Футболка 'Кодер'",
      "description": "Стильная хлопковая футболка с принтом кода на спине",
      "category": 1,
      "price": 1500,
      "parent": null,
      "rank": null,
      "competency": null,
      "number": 100,
      "image": null,
      "is_active": true,
      "created_at": "2025-01-27T08:00:00.000Z",
      "updated_at": "2025-01-27T08:00:00.000Z"
    }
  },
  {
    "model": "shop.ShopItem",
    "pk": 2,
    "fields": {
      "uuid": "f6ac12cc-7f97-4e05-a1ee-c9298f30dcb0",
      "name": "Билет на концерт Imagine Dragons",
      "description": "Билет на концерт в Лужниках, сектор A, ряд 5",
      "category": 2,
      "price": 5000,
      "parent": null,
      "rank": null,
      "competency": null,
      "number": 50,
      "image": null,
      "is_active": true,
      "created_at": "2025-01-27T08:00:00.000Z",
      "updated_at": "2025-01-27T08:00:00.000Z"
    }
  },
  {
    "model": "shop.ShopItem",
    "pk": 3,
    "fields": {
      "uuid": "c1dc3570-defc-4570-afdd-4543ded0602c",
      "name": "Скидка 20% в М.Видео",
      "description": "Скидка на всю бытовую технику в магазинах М.Видео",
      "category": 3,
      "price": 3000,
      "parent": null,
      "rank": null,
      "competency": null,
      "number": 0,
      "image": null,
      "is_active": true,
      "created_at": "2025-01-27T08:00:00.000Z",
      "updated_at": "2025-01-27T08:00:00.000Z"
    }
  },
  {
    "model": "shop.ShopItem",
    "pk": 4,
    "fields": {
      "uuid": "0a324a7d-8b3d-43ff-bf34-dcd18ecb1c82",
      "name": "Курс Python для начинающих",
      "description": "Базовый курс по программированию на Python",
      "category": 4,
      "price": 10000,
      "parent": null,
      "rank": null,
      "competency": null,
      "number": 0,
      "image": null,
      "is_active": true,
      "created_at": "2025-01-27T08:00:00.000Z",
      "updated_at": "2025-01-27T08:00:00.000Z"
    }
  },
  {
    "model": "shop.ShopItem",
    "pk": 5,
    "fields": {
      "uuid": "be582bd1-6f1f-4c22-ab5a-7ac54a654592",
      "name": "Младший разработчик (Уровень 1)",
      "description": "Начальный уровень разработчика с базовыми навыками",
      "category": 4,
      "price": 15000,
      "parent": null,
      "rank": 1,
      "competency": 1,
      "number": 0,
      "image": null,
      "is_active": true,
      "created_at": "2025-01-27T08:00:00.000Z",
      "updated_at": "2025-01-27T08:00:00.000Z"
    }
  },
  {
    "model": "shop.ShopItem",
    "pk": 6,
    "fields": {
      "uuid": "b79f2b30-46cc-466b-9ac8-65d1119247fd",
      "name": "Разработчик (Уровень 2)",
      "description": "Продвинутый уровень разработчика с углубленными знаниями",
      "category": 4,
      "price": 25000,
      "parent": 5,
      "rank": 2,
      "competency": 2,
      "number": 0,
      "image": null,
      "is_active": true,
      "created_at": "2025-01-27T08:00:00.000Z",
      "updated_at": "2025-01-27T08:00:00.000Z"
    }
  },
  {
    "model": "shop.ShopItem",
    "pk": 7,
    "fields": {
      "uuid": "a8495f82-6d31-4a65-b6df-fdf70838009e",
      "name": "Старший разработчик (Уровень 3)",
      "description": "Экспертный уровень с лидерскими качествами",
      "category": 4,
      "price": 40000,
      "parent": 6,
      "rank": 3,
      "competency": 3,
      "number": 0,
      "image": null,
      "is_active": true,
      "created_at": "2025-01-27T08:00:00.000Z",
      "updated_at": "2025-01-27T08:00:00.000Z"
    }
  },
  {
    "model": "shop.ShopItem",
    "pk": 8,
    "fields": {
      "uuid": "658e3e70-39a4-42d0-baee-a904874d2cdc",
      "name": "Тимлид (Уровень 4)",
      "description": "Уровень управления командой разработки",
      "category": 4,
      "price": 60000,
      "parent": 7,
      "rank": 4,
      "competency": 4,
      "number": 0,
      "image": null,
      "is_active": true,
      "created_at": "2025-01-27T08:00:00.000Z",
      "updated_at": "2025-01-27T08:00:00.000Z"
    }
  },
  {
    "model": "shop.ShopItem",
    "pk": 9,
    "fields": {
      "uuid": "b63b17d5-e4f3-4d4b-95f1-cb5291fe1f98",
      "name": "Базовые алгоритмы",
      "description": "Основные алгоритмы и структуры данных",
      "category": 4,
      "price": 8000,
      "parent": null,
      "rank": 1,
      "competency": 5,
      "number": 0,
      "image": null,
      "is_active": true,
      "created_at": "2025-01-27T08:00:00.000Z",
      "updated_at": "2025-01-27T08:00:00.000Z"
    }
  },
  {
    "model": "shop.ShopItem",
    "pk": 10,
    "fields": {
      "uuid": "1823a9cf-6198-4fce-880a-ea70ddebcb5d",
      "name": "Продвинутые алгоритмы",
      "description": "Сложные алгоритмы и оптимизация",
      "category": 4,
      "price": 15000,
      "parent": 9,
      "rank": 2,
      "competency": 6,
      "number": 0,
      "image": null,
      "is_active": true,
      "created_at": "2025-01-27T08:00:00.000Z",
      "updated_at": "2025-01-27T08:00:00.000Z"
    }
  },
  {
    "model": "shop.ShopItem",
    "pk": 11,
    "fields": {
      "uuid": "b81fc13e-a8ce-498c-afd2-c7dae0384083",
      "name": "Кепка 'Программист'",
      "description": "Стильная кепка с логотипом языка программирования",
      "category": 1,
      "price": 800,
      "parent": null,
      "rank": null,
      "competency": null,
      "number": 75,
      "image": null,
      "is_active": true,
      "created_at": "2025-01-27T08:00:00.000Z",
      "updated_at": "2025-01-27T08:00:00.000Z"
    }
  },
  {
    "model": "shop.ShopItem",
    "pk": 12,
    "fields": {
      "uuid": "1c50013a-d1bf-4f7f-abd1-10b6e24a915e",
      "name": "Билет на IT-конференцию",
      "description": "Билет на годовую IT-конференцию с участием топ-спикеров",
      "category": 2,
      "price": 7000,
      "parent": null,
      "rank": null,
      "competency": null,
      "number": 30,
      "image": null,
      "is_active": true,
      "created_at": "2025-01-27T08:00:00.000Z",
      "updated_at": "2025-01-27T08:00:00.000Z"
    }
  },
  {
    "model": "shop.ShopItem",
    "pk": 13,
    "fields": {
      "uuid": "44a83882-1a1d-4703-b307-3d7f95b550d6",
      "name": "Скидка 15% на технику Apple",
      "description": "Скидка на всю технику Apple в М.Видео",
      "category": 3,
      "price": 5000,
      "parent": null,
      "rank": null,
      "competency": null,
      "number": 0,
      "image": null,
      "is_active": true,
      "created_at": "2025-01-27T08:00:00.000Z",
      "updated_at": "2025-01-27T08:00:00.000Z"
    }
  },
  {
    "model": "shop.ShopItem",
    "pk": 14,
    "fields": {
      "uuid": "b5b42d6c-e684-4cae-aef0-be93673224b0",
      "name": "Архитектор систем (Уровень 5)",
      "description": "Уровень проектирования сложных систем",
      "category": 4,
      "price": 80000,
      "parent": 8,
      "rank": 5,
      "competency": 7,
      "number": 0,
      "image": null,
      "is_active": true,
      "created_at": "2025-01-27T08:00:00.000Z",
      "updated_at": "2025-01-27T08:00:00.000Z"
    }
  },
  {
    "model": "shop.ShopItem",
    "pk": 15,
    "fields": {
      "uuid": "d8ac4890-818c-456e-a541-4978725d3bc3",
      "name": "Панама",
      "description": "Модная панама с атрибутикой компании",
      "category": 1,
      "price": 5000,
      "parent": null,
      "rank": 3,
      "competency": null,
      "number": 20,
      "image": null,
      "is_active": true,
      "created_at": "2025-09-24T14:58:24.186615+00:00",
      "updated_at": "2025-09-24T14:58:24.186615+00:00"
    }
  },
  {
    "model": "shop.ShopItem",
    "pk": 16,
    "fields": {
      "uuid": "ddd05b8c-6090-4117-acb6-705afbef0c57",
      "name": "Билет на HR-саммит",
      "description": "VIP-билет на главное HR-событие года с участием лидеров индустрии",
      "category": 2,
      "price": 15000,
      "parent": null,
      "rank": 5,
      "competency": null,
      "number": 10,
      "image": null,
      "is_active": true,
      "created_at": "2025-09-24T14:58:24.186615+00:00",
      "updated_at": "2025-09-24T14:58:24.186615+00:00"
    }
  },
  {
    "model": "shop.ShopItem",
    "pk": 17,
    "fields": {
      "uuid": "5551af85-a28a-4667-8685-0fdef4ec8ea5",
      "name": "Подписка на фитнес",
      "description": "Годовая подписка на занятия в зале с антигравитационными тренажерами",
      "category": 3,
      "price": 8000,
      "parent": null,
      "rank": null,
      "competency": null,
      "number": 0,
      "image": null,
      "is_active": true,
      "created_at": "2025-09-24T14:58:24.186615+00:00",
      "updated_at": "2025-09-24T14:58:24.186615+00:00"
    }
  },
  {
    "model": "shop.ShopItem",
    "pk": 18,
    "fields": {
      "uuid": "bc6408fb-d8d2-4715-ace4-b94ac7788545",
      "name": "Курс переговоров",
      "description": "Интенсивный курс по правильному ведению переговоров",
      "category": 4,
      "price": 20000,
      "parent": null,
      "rank": 4,
      "competency": 5,
      "number": 0,
      "image": null,
      "is_active": true,
      "created_at": "2025-09-24T14:58:24.186615+00:00",
      "updated_at": "2025-09-24T14:58:24.186615+00:00"
    }
  },
  {
    "model": "shop.ShopItem",
    "pk": 19,
    "fields": {
      "uuid": "dd841adf-0be4-4e18-9295-ffcbbfc4958a",
      "name": "Теплые носки",
      "description": "Носки с атрибутикой компании",
      "category": 1,
      "price": 2500,
      "parent": null,
      "rank": 6,
      "competency": 7,
      "number": 5,
      "image": null,
      "is_active": true,
      "created_at": "2025-09-24T14:58:24.186615+00:00",
      "updated_at": "2025-09-24T14:58:24.186615+00:00"
    }
  },
  {
    "model": "shop.ShopItem",
    "pk": 20,
    "fields": {
      "uuid": "47464a41-716d-43ea-82db-1616ee72b2b9",
      "name": "Спортивная сумка",
      "description": "Спортивная сумка с атрибутикой компании",
      "category": 1,
      "price": 18000,
      "parent": null,
      "rank": 3,
      "competency": null,
      "number": 15,
      "image": null,
      "is_active": true,
      "created_at": "2025-09-24T14:58:24.186615+00:00",
      "updated_at": "2025-09-24T14:58:24.186615+00:00"
    }
  },
  {
    "model": "shop.ShopItem",
    "pk": 21,
    "fields": {
      "uuid": "f769978e-297d-4c97-9907-d6a9e68c8d86",
      "name": "Сертификат на полёт к астероидам",
      "description": "Экскурсия в самый современный музей по астрономии",
      "category": 2,
      "price": 50000,
      "parent": null,
      "rank": 7,
      "competency": 17,
      "number": 3,
      "image": null,
      "is_active": true,
      "created_at": "2025-09-24T14:58:24.186615+00:00",
      "updated_at": "2025-09-24T14:58:24.186615+00:00"
    }
  },
  {
    "model": "shop.ShopItem",
    "pk": 22,
    "fields": {
      "uuid": "29d6ad55-fb24-4db9-a8bd-1b2787d36ed4",
      "name": "Скидка 30% на питание",
      "description": "Месячная скидка на 3-х разовое питание",
      "category": 3,
      "price": 4000,
      "parent": null,
      "rank": 2,
      "competency": null,
      "number": 0,
      "image": null,
      "is_active": true,
      "created_at": "2025-09-24T14:58:24.186615+00:00",
      "updated_at": "2025-09-24T14:58:24.186615+00:00"
    }
  },
  {
    "model": "shop.ShopItem",
    "pk": 23,
    "fields": {
      "uuid": "988b7564-698b-45f0-9bee-a64450530fe4",
      "name": "Мастер-класс по лепке",
      "description": "Эксклюзивная серия занятий по лепке из пластилина и глины",
      "category": 4,
      "price": 35000,
      "parent": null,
      "rank": 6,
      "competency": 9,
      "number": 0,
      "image": null,
      "is_active": true,
      "created_at": "2025-09-24T14:58:24.186615+00:00",
      "updated_at": "2025-09-24T14:58:24.186615+00:00"
    }
  },
  {
    "model": "shop.ShopItem",
    "pk": 24,
    "fields": {
      "uuid": "cbc8bd89-a193-4a3a-996b-9d95feabaa91",
      "name": "Рюкзак",
      "description": "Рюкзак с атрибутикой компании",
      "category": 1,
      "price": 3000,
      "parent": null,
      "rank": 5,
      "competency": 13,
      "number": 8,
      "image": null,
      "is_active": true,
      "created_at": "2025-09-24T14:58:24.186615+00:00",
      "updated_at": "2025-09-24T14:58:24.186615+00:00"
    }
  },
  {
    "model": "communication.post",
    "pk": 11,
    "fields": {
      "uuid": "d4c8e7f2-9a3b-4e8c-b1d5-2f9c8e4a7b11",
      "image": null,
      "name": "Запуск программы менторства",
      "text": "С гордостью объявляем о запуске межзвёздной программы менторства для новых пилотов.",
      "character": 4,
      "topic": 1,
      "created_at": "2025-09-24T14:58:24.186615+00:00",
      "updated_at": "2025-09-24T14:58:24.186615+00:00"
    }
  },
  {
    "model": "communication.post",
    "pk": 12,
    "fields": {
      "uuid": "e5f9d8a3-4b4c-5f9d-c2e6-3a0d9f5b8c12",
      "image": null,
      "name": "Новый корпоративный шаттл",
      "text": "Теперь доступен прямой шаттл между орбитальными офисами Марса и Европы.",
      "character": 4,
      "topic": 2,
      "created_at": "2025-09-24T14:58:24.186615+00:00",
      "updated_at": "2025-09-24T14:58:24.186615+00:00"
    }
  },
  {
    "model": "communication.post",
    "pk": 13,
    "fields": {
      "uuid": "f6a0e9b4-5c5d-6a0e-d3f7-4b1e0a6c9d13",
      "image": null,
      "name": "Как работать с квантовыми интерфейсами",
      "text": "Базовое руководство по использованию квантовых терминалов в наших офисах.",
      "character": 4,
      "topic": 3,
      "created_at": "2025-09-24T14:58:24.186615+00:00",
      "updated_at": "2025-09-24T14:58:24.186615+00:00"
    }
  },
  {
    "model": "communication.post",
    "pk": 14,
    "fields": {
      "uuid": "a7b1f0c5-6d6e-7b1f-e4a8-5c2f1b7d0e14",
      "image": null,
      "name": "Обновление системы голографических собеседований",
      "text": "Внедрена поддержка многомерных голограмм для межпланетных интервью.",
      "character": 4,
      "topic": 4,
      "created_at": "2025-09-24T14:58:24.186615+00:00",
      "updated_at": "2025-09-24T14:58:24.186615+00:00"
    }
  },
  {
    "model": "communication.post",
    "pk": 15,
    "fields": {
      "uuid": "b8c2a1d6-7e7f-8c2a-f5b9-6d3a2c8e1f15",
      "image": null,
      "name": "Галактический день карьеры",
      "text": "15 ноября пройдёт крупнейшее карьерное событие в секторе Альфа Центавра.",
      "character": 4,
      "topic": 5,
      "created_at": "2025-09-24T14:58:24.186615+00:00",
      "updated_at": "2025-09-24T14:58:24.186615+00:00"
    }
  },
  {
    "model": "communication.post",
    "pk": 16,
    "fields": {
      "uuid": "c9d3b2e7-8f8a-9d3b-a6c0-7e4b3d9f2a16",
      "image": null,
      "name": "Итоги квартала по рекрутингу",
      "text": "Успешно привлечено 127 специалистов с 8 различных планет Альянса.",
      "character": 4,
      "topic": 1,
      "created_at": "2025-09-24T14:58:24.186615+00:00",
      "updated_at": "2025-09-24T14:58:24.186615+00:00"
    }
  },
  {
    "model": "communication.post",
    "pk": 17,
    "fields": {
      "uuid": "d0e4c3f8-9a9b-0e4c-b7d1-8f5c4e0a3b17",
      "image": null,
      "name": "Новые правила безопасности на орбите",
      "text": "Обязательное прохождение симуляции аварийных ситуаций для всех сотрудников.",
      "character": 4,
      "topic": 2,
      "created_at": "2025-09-24T14:58:24.186615+00:00",
      "updated_at": "2025-09-24T14:58:24.186615+00:00"
    }
  },
  {
    "model": "communication.post",
    "pk": 18,
    "fields": {
      "uuid": "e1f5d4a9-0b0c-1f5d-c8e2-9a6d5f1b4c18",
      "image": null,
      "name": "Лайфхаки от ветеранов космофлота",
      "text": "Топ-10 советов по адаптации к работе в условиях невесомости.",
      "character": 4,
      "topic": 3,
      "created_at": "2025-09-24T14:58:24.186615+00:00",
      "updated_at": "2025-09-24T14:58:24.186615+00:00"
    }
  },
  {
    "model": "communication.post",
    "pk": 19,
    "fields": {
      "uuid": "f2a6e5b0-1c1d-2a6e-d9f3-0b7e6a2c5d19",
      "image": null,
      "name": "Интеграция с ИИ нового поколения",
      "text": "Внедрён помощник на базе квантового ИИ для автоматизации рутинных задач.",
      "character": 4,
      "topic": 4,
      "created_at": "2025-09-24T14:58:24.186615+00:00",
      "updated_at": "2025-09-24T14:58:24.186615+00:00"
    }
  },
  {
    "model": "communication.post",
    "pk": 20,
    "fields": {
      "uuid": "a3b7f6c1-2d2e-3b7f-e0a4-1c8f7b3d6e20",
      "image": null,
      "name": "Межгалактический хакатон HR-Tech",
      "text": "Регистрация открыта! Создайте инновационные решения для рекрутинга будущего.",
      "character": 4,
      "topic": 5,
      "created_at": "2025-09-24T14:58:24.186615+00:00",
      "updated_at": "2025-09-24T14:58:24.186615+00:00"
    }
  },
  {
    "model": "game_world.Event",
    "pk": 5,
    "fields": {
      "uuid": "b4c8a7d2-3e3f-4a8d-e1a5-8f6d9a0c7e21",
      "name": "Космический ассессмент-центр",
      "description": "Комплексная оценка компетенций кандидатов с использованием VR-симуляторов и нейроинтерфейсов.",
      "experience": 400,
      "icon": null,
      "color": "#E91E63",
      "currency": 300,
      "required_number": 6,
      "is_active": true,
      "start_datetime": "2025-11-15T13:00:00Z",
      "time_to_complete": 10,
      "category": 6,
      "rank": 3,
      "mentor": null,
      "game_world": 1,
      "created_at": "2025-09-24T14:58:24.186615+00:00",
      "updated_at": "2025-09-24T14:58:24.186615+00:00"
    }
  },
  {
    "model": "game_world.Event",
    "pk": 6,
    "fields": {
      "uuid": "c5d9b8e3-4f4a-5b9e-f2b6-9a7e0b1d8f22",
      "name": "Марафон проектных презентаций",
      "description": "Защита инновационных HR-проектов перед советом директоров корпорации.",
      "experience": 500,
      "icon": null,
      "color": "#673AB7",
      "currency": 350,
      "required_number": 4,
      "is_active": true,
      "start_datetime": "2025-11-20T09:00:00Z",
      "time_to_complete": 3,
      "category": 7,
      "rank": 4,
      "mentor": null,
      "game_world": 1,
      "created_at": "2025-09-24T14:58:24.186615+00:00",
      "updated_at": "2025-09-24T14:58:24.186615+00:00"
    }
  },
  {
    "model": "game_world.Event",
    "pk": 7,
    "fields": {
      "uuid": "d6e0c9f4-5a5b-6c0f-a3c7-0b8f1c2e9a23",
      "name": "Галактический митап рекрутеров",
      "description": "Нетворкинг-событие для обмена опытом между рекрутерами разных планетарных офисов.",
      "experience": 250,
      "icon": null,
      "color": "#FF5733",
      "currency": 200,
      "required_number": 15,
      "is_active": true,
      "start_datetime": "2025-11-25T17:00:00Z",
      "time_to_complete": 1,
      "category": 8,
      "rank": 2,
      "mentor": null,
      "game_world": 1,
      "created_at": "2025-09-24T14:58:24.186615+00:00",
      "updated_at": "2025-09-24T14:58:24.186615+00:00"
    }
  },
  {
    "model": "game_world.Event",
    "pk": 8,
    "fields": {
      "uuid": "e7f1d0a5-6b6c-7d1a-b4d8-1c9a2d3f0b24",
      "name": "Симуляция кризисного найма",
      "description": "Отработка навыков экстренного подбора персонала в условиях космической аварии.",
      "experience": 350,
      "icon": null,
      "color": "#9C27B0",
      "currency": 280,
      "required_number": 8,
      "is_active": true,
      "start_datetime": "2025-12-01T11:00:00Z",
      "time_to_complete": 2,
      "category": 4,
      "rank": 3,
      "mentor": null,
      "game_world": 1,
      "created_at": "2025-09-24T14:58:24.186615+00:00",
      "updated_at": "2025-09-24T14:58:24.186615+00:00"
    }
  },
  {
    "model": "game_world.Event",
    "pk": 9,
    "fields": {
      "uuid": "f8a2e1b6-7c7d-8e2b-c5e9-2d0b3e4a1c25",
      "name": "Воркшоп по работе с инопланетными культурами",
      "description": "Изучение особенностей рекрутинга представителей различных планетарных цивилизаций.",
      "experience": 300,
      "icon": null,
      "color": "#00BCD4",
      "currency": 220,
      "required_number": 12,
      "is_active": true,
      "start_datetime": "2025-12-05T14:00:00Z",
      "time_to_complete": 4,
      "category": 3,
      "rank": 3,
      "mentor": null,
      "game_world": 1,
      "created_at": "2025-09-24T14:58:24.186615+00:00",
      "updated_at": "2025-09-24T14:58:24.186615+00:00"
    }
  },
  {
    "model": "game_world.Event",
    "pk": 10,
    "fields": {
      "uuid": "a9b3f2c7-8d8e-9f3c-d6a0-3e1c4f5b2d26",
      "name": "Квантовый анализ талантов",
      "description": "Внедрение квантовых алгоритмов для прогнозирования успешности кандидатов.",
      "experience": 800,
      "icon": null,
      "color": "#3F51B5",
      "currency": 600,
      "required_number": 2,
      "is_active": true,
      "start_datetime": "2025-12-10T10:00:00Z",
      "time_to_complete": 30,
      "category": 10,
      "rank": 5,
      "mentor": null,
      "game_world": 1,
      "created_at": "2025-09-24T14:58:24.186615+00:00",
      "updated_at": "2025-09-24T14:58:24.186615+00:00"
    }
  },
  {
    "model": "game_world.Event",
    "pk": 11,
    "fields": {
      "uuid": "b0c4a3d8-9e9f-0a4d-e7b1-4f2d5a6c3e27",
      "name": "Стажировка в секторе Альфа",
      "description": "Программа обмена опытом с лучшими HR-специалистами сектора Альфа Центавра.",
      "experience": 120,
      "icon": null,
      "color": "#4CAF50",
      "currency": 90,
      "required_number": 20,
      "is_active": true,
      "start_datetime": "2025-12-15T08:00:00Z",
      "time_to_complete": 7,
      "category": 1,
      "rank": 1,
      "mentor": null,
      "game_world": 1,
      "created_at": "2025-09-24T14:58:24.186615+00:00",
      "updated_at": "2025-09-24T14:58:24.186615+00:00"
    }
  },
  {
    "model": "game_world.Event",
    "pk": 12,
    "fields": {
      "uuid": "c1d5b4e9-0a0b-1b5e-f8c2-5a3e6b7d4f28",
      "name": "Межпланетная ярмарка вакансий",
      "description": "Крупнейшее событие по привлечению талантов со всех планет Альянса.",
      "experience": 450,
      "icon": null,
      "color": "#2196F3",
      "currency": 400,
      "required_number": 7,
      "is_active": true,
      "start_datetime": "2025-12-20T10:00:00Z",
      "time_to_complete": 14,
      "category": 2,
      "rank": 4,
      "mentor": null,
      "game_world": 1,
      "created_at": "2025-09-24T14:58:24.186615+00:00",
      "updated_at": "2025-09-24T14:58:24.186615+00:00"
    }
  },
  {
    "model": "game_world.Event",
    "pk": 13,
    "fields": {
      "uuid": "d2e6c5a0-1b1c-2c6f-a9d3-6b4f7c8e5a29",
      "name": "Коучинг для космических лидеров",
      "description": "Индивидуальные сессии развития лидерских качеств для управления межпланетными командами.",
      "experience": 700,
      "icon": null,
      "color": "#FF9800",
      "currency": 500,
      "required_number": 3,
      "is_active": true,
      "start_datetime": "2026-01-10T15:00:00Z",
      "time_to_complete": 21,
      "category": 7,
      "rank": 5,
      "mentor": null,
      "game_world": 1,
      "created_at": "2025-09-24T14:58:24.186615+00:00",
      "updated_at": "2025-09-24T14:58:24.186615+00:00"
    }
  },
  {
    "model": "game_world.Event",
    "pk": 14,
    "fields": {
      "uuid": "e3f7d6b1-2c2d-3d7a-b0e4-7c5a8d9f6b30",
      "name": "Хакатон HR-инноваций",
      "description": "48-часовой марафон по созданию революционных HR-решений для космической эры.",
      "experience": 550,
      "icon": null,
      "color": "#E91E63",
      "currency": 450,
      "required_number": 5,
      "is_active": true,
      "start_datetime": "2026-01-15T18:00:00Z",
      "time_to_complete": 2,
      "category": 10,
      "rank": 4,
      "mentor": null,
      "game_world": 1,
      "created_at": "2025-09-24T14:58:24.186615+00:00",
      "updated_at": "2025-09-24T14:58:24.186615+00:00"
    }
  },
  {
    "model": "game_world.Event",
    "pk": 15,
    "fields": {
      "uuid": "f4a8e7c2-3d3e-4e8b-c1f5-8d6b9e0a7c31",
      "name": "Базовый курс космической психологии",
      "description": "Основы работы с психологическими особенностями экипажей дальних экспедиций.",
      "experience": 180,
      "icon": null,
      "color": "#795548",
      "currency": 140,
      "required_number": 10,
      "is_active": true,
      "start_datetime": "2026-01-20T12:00:00Z",
      "time_to_complete": 5,
      "category": 3,
      "rank": 2,
      "mentor": null,
      "game_world": 1,
      "created_at": "2025-09-24T14:58:24.186615+00:00",
      "updated_at": "2025-09-24T14:58:24.186615+00:00"
    }
  },
  {
    "model": "game_world.Event",
    "pk": 16,
    "fields": {
      "uuid": "a5b9f8d3-4e4f-5f9c-d2a6-9e7c0f1b8d32",
      "name": "Онбординг в условиях гипердрайва",
      "description": "Специальная программа адаптации для сотрудников межзвёздных экспедиций.",
      "experience": 220,
      "icon": null,
      "color": "#00BCD4",
      "currency": 180,
      "required_number": 8,
      "is_active": true,
      "start_datetime": "2026-01-25T09:00:00Z",
      "time_to_complete": 3,
      "category": 5,
      "rank": 2,
      "mentor": null,
      "game_world": 1,
      "created_at": "2025-09-24T14:58:24.186615+00:00",
      "updated_at": "2025-09-24T14:58:24.186615+00:00"
    }
  },
  {
    "model": "game_world.Event",
    "pk": 17,
    "fields": {
      "uuid": "b6c0a9e4-5f5a-6a0d-e3b7-0a8d1a2c9e33",
      "name": "Создание голографического HR-портала",
      "description": "Разработка интерактивного портала для кандидатов с полным погружением.",
      "experience": 650,
      "icon": null,
      "color": "#9C27B0",
      "currency": 550,
      "required_number": 4,
      "is_active": true,
      "start_datetime": "2026-02-01T11:00:00Z",
      "time_to_complete": 28,
      "category": 9,
      "rank": 5,
      "mentor": null,
      "game_world": 1,
      "created_at": "2025-09-24T14:58:24.186615+00:00",
      "updated_at": "2025-09-24T14:58:24.186615+00:00"
    }
  },
  {
    "model": "game_world.Event",
    "pk": 18,
    "fields": {
      "uuid": "c7d1b0f5-6a6b-7b1e-f4c8-1b9e2d3a0f34",
      "name": "Тимбилдинг на орбитальной станции",
      "description": "Уникальное командообразующее мероприятие в условиях невесомости.",
      "experience": 280,
      "icon": null,
      "color": "#E91E63",
      "currency": 250,
      "required_number": 12,
      "is_active": true,
      "start_datetime": "2026-02-10T14:00:00Z",
      "time_to_complete": 2,
      "category": 8,
      "rank": 3,
      "mentor": null,
      "game_world": 1,
      "created_at": "2025-09-24T14:58:24.186615+00:00",
      "updated_at": "2025-09-24T14:58:24.186615+00:00"
    }
  },
  {
    "model": "game_world.Event",
    "pk": 19,
    "fields": {
      "uuid": "d8e2c1a6-7b7c-8c2f-a5d9-2c0f3e4b1a35",
      "name": "Экспертная оценка межпланетных проектов",
      "description": "Участие в жюри конкурса инновационных HR-проектов галактического масштаба.",
      "experience": 900,
      "icon": null,
      "color": "#F44336",
      "currency": 700,
      "required_number": 2,
      "is_active": true,
      "start_datetime": "2026-02-15T10:00:00Z",
      "time_to_complete": 7,
      "category": 6,
      "rank": 6,
      "mentor": null,
      "game_world": 1,
      "created_at": "2025-09-24T14:58:24.186615+00:00",
      "updated_at": "2025-09-24T14:58:24.186615+00:00"
    }
  },
  {
    "model": "game_world.Event",
    "pk": 20,
    "fields": {
      "uuid": "e9f3d2b7-8c8d-9d3a-b6e0-3d1a4f5c2b36",
      "name": "Симулятор первого контакта",
      "description": "Тренинг по рекрутингу представителей новооткрытых цивилизаций.",
      "experience": 400,
      "icon": null,
      "color": "#3F51B5",
      "currency": 320,
      "required_number": 6,
      "is_active": true,
      "start_datetime": "2026-02-20T13:00:00Z",
      "time_to_complete": 4,
      "category": 4,
      "rank": 4,
      "mentor": null,
      "game_world": 1,
      "created_at": "2025-09-24T14:58:24.186615+00:00",
      "updated_at": "2025-09-24T14:58:24.186615+00:00"
    }
  },
  {
    "model": "game_world.Event",
    "pk": 21,
    "fields": {
      "uuid": "f0a4e3c8-9d9e-0e4f-c7f1-4e2b5a6d3c37",
      "name": "Введение в квантовый рекрутинг",
      "description": "Базовый курс по использованию квантовых вычислений в подборе персонала.",
      "experience": 100,
      "icon": null,
      "color": "#4CAF50",
      "currency": 80,
      "required_number": 25,
      "is_active": true,
      "start_datetime": "2026-03-01T10:00:00Z",
      "time_to_complete": 3,
      "category": 1,
      "rank": 1,
      "mentor": null,
      "game_world": 1,
      "created_at": "2025-09-24T14:58:24.186615+00:00",
      "updated_at": "2025-09-24T14:58:24.186615+00:00"
    }
  },
  {
    "model": "game_world.Event",
    "pk": 22,
    "fields": {
      "uuid": "a1b5f4d9-0e0f-1f5a-d8a2-5f3c6b7e4d38",
      "name": "Глобальная HR-конференция",
      "description": "Ежегодная конференция с участием лучших HR-специалистов всех секторов Альянса.",
      "experience": 1000,
      "icon": null,
      "color": "#FFD700",
      "currency": 800,
      "required_number": 1,
      "is_active": true,
      "start_datetime": "2026-03-10T09:00:00Z",
      "time_to_complete": 5,
      "category": 9,
      "rank": 7,
      "mentor": null,
      "game_world": 1,
      "created_at": "2025-09-24T14:58:24.186615+00:00",
      "updated_at": "2025-09-24T14:58:24.186615+00:00"
    }
  },
  {
    "model": "game_world.Event",
    "pk": 23,
    "fields": {
      "uuid": "b2c6a5e0-1f1a-2a6b-e9b3-6a4d7c8f5e39",
      "name": "Менторская программа для новичков",
      "description": "Становление наставником для молодых HR-специалистов корпорации.",
      "experience": 320,
      "icon": null,
      "color": "#FF9800",
      "currency": 260,
      "required_number": 5,
      "is_active": true,
      "start_datetime": "2026-03-15T11:00:00Z",
      "time_to_complete": 30,
      "category": 7,
      "rank": 3,
      "mentor": null,
      "game_world": 1,
      "created_at": "2025-09-24T14:58:24.186615+00:00",
      "updated_at": "2025-09-24T14:58:24.186615+00:00"
    }
  },
  {
    "model": "game_world.Event",
    "pk": 24,
    "fields": {
      "uuid": "c3d7b6f1-2a2b-3b7c-f0c4-7b5e8d9a6f40",
      "name": "Разработка системы лояльности",
      "description": "Создание комплексной программы удержания талантов в межзвёздной корпорации.",
      "experience": 1200,
      "icon": null,
      "color": "#9C27B0",
      "currency": 900,
      "required_number": 1,
      "is_active": true,
      "start_datetime": "2026-04-01T09:00:00Z",
      "time_to_complete": 60,
      "category": 10,
      "rank": 8,
      "mentor": null,
      "game_world": 1,
      "created_at": "2025-09-24T14:58:24.186615+00:00",
      "updated_at": "2025-09-24T14:58:24.186615+00:00"
    }
  },
  {
    "model": "game_world.EventArtifact",
    "pk": 4,
    "fields": {
      "uuid": "d4e8c7a2-3b3c-4c8e-a1d5-8a6f0b1e9a41",
      "event": 5,
      "artifact": 7,
      "created_at": "2025-09-24T14:58:24.186615+00:00",
      "updated_at": "2025-09-24T14:58:24.186615+00:00"
    }
  },
  {
    "model": "game_world.EventArtifact",
    "pk": 5,
    "fields": {
      "uuid": "e5f9d8b3-4c4d-5d9f-b2e6-9b7a1c2f0b42",
      "event": 10,
      "artifact": 3,
      "created_at": "2025-09-24T14:58:24.186615+00:00",
      "updated_at": "2025-09-24T14:58:24.186615+00:00"
    }
  },
  {
    "model": "game_world.EventArtifact",
    "pk": 6,
    "fields": {
      "uuid": "f6a0e9c4-5d5e-6e0a-c3f7-0c8b2d3a1c43",
      "event": 12,
      "artifact": 4,
      "created_at": "2025-09-24T14:58:24.186615+00:00",
      "updated_at": "2025-09-24T14:58:24.186615+00:00"
    }
  },
  {
    "model": "game_world.EventArtifact",
    "pk": 7,
    "fields": {
      "uuid": "a7b1f0d5-6e6f-7f1a-d4a8-1d9c3e4b2d44",
      "event": 17,
      "artifact": 10,
      "created_at": "2025-09-24T14:58:24.186615+00:00",
      "updated_at": "2025-09-24T14:58:24.186615+00:00"
    }
  },
  {
    "model": "game_world.EventArtifact",
    "pk": 8,
    "fields": {
      "uuid": "b8c2b1e6-7f7a-8a2b-e5b9-2e0d4f5c3e45",
      "event": 22,
      "artifact": 11,
      "created_at": "2025-09-24T14:58:24.186615+00:00",
      "updated_at": "2025-09-24T14:58:24.186615+00:00"
    }
  },
  {
    "model": "game_world.EventCompetency",
    "pk": 9,
    "fields": {
      "uuid": "c9d3c2f7-8a8b-9b3c-f6c0-3f1e5a6d4f46",
      "event": 5,
      "competency": 7,
      "experience": 40,
      "created_at": "2025-09-24T14:58:24.186615+00:00",
      "updated_at": "2025-09-24T14:58:24.186615+00:00"
    }
  },
  {
    "model": "game_world.EventCompetency",
    "pk": 10,
    "fields": {
      "uuid": "d0e4d3a8-9b9c-0c4d-a7d1-4a2f6b7e5a47",
      "event": 5,
      "competency": 5,
      "experience": 35,
      "created_at": "2025-09-24T14:58:24.186615+00:00",
      "updated_at": "2025-09-24T14:58:24.186615+00:00"
    }
  },
  {
    "model": "game_world.EventCompetency",
    "pk": 11,
    "fields": {
      "uuid": "e1f5e4b9-0c0d-1d5e-b8e2-5b3a7c8f6b48",
      "event": 6,
      "competency": 9,
      "experience": 45,
      "created_at": "2025-09-24T14:58:24.186615+00:00",
      "updated_at": "2025-09-24T14:58:24.186615+00:00"
    }
  },
  {
    "model": "game_world.EventCompetency",
    "pk": 12,
    "fields": {
      "uuid": "f2a6f5c0-1d1e-2e6f-c9f3-6c4b8d9a7c49",
      "event": 8,
      "competency": 3,
      "experience": 30,
      "created_at": "2025-09-24T14:58:24.186615+00:00",
      "updated_at": "2025-09-24T14:58:24.186615+00:00"
    }
  },
  {
    "model": "game_world.EventCompetency",
    "pk": 13,
    "fields": {
      "uuid": "a3b7a6d1-2e2f-3f7a-d0a4-7d5c9e0b8d50",
      "event": 9,
      "competency": 5,
      "experience": 25,
      "created_at": "2025-09-24T14:58:24.186615+00:00",
      "updated_at": "2025-09-24T14:58:24.186615+00:00"
    }
  },
  {
    "model": "game_world.EventCompetency",
    "pk": 14,
    "fields": {
      "uuid": "b4c8b7e2-3f3a-4a8b-e1b5-8e6d0f1c9e51",
      "event": 10,
      "competency": 7,
      "experience": 60,
      "created_at": "2025-09-24T14:58:24.186615+00:00",
      "updated_at": "2025-09-24T14:58:24.186615+00:00"
    }
  },
  {
    "model": "game_world.EventCompetency",
    "pk": 15,
    "fields": {
      "uuid": "c5d9c8f3-4a4b-5b9c-f2c6-9f7a1d2e0a52",
      "event": 13,
      "competency": 9,
      "experience": 55,
      "created_at": "2025-09-24T14:58:24.186615+00:00",
      "updated_at": "2025-09-24T14:58:24.186615+00:00"
    }
  },
  {
    "model": "game_world.EventCompetency",
    "pk": 16,
    "fields": {
      "uuid": "d6e0d9a4-5b5c-6c0a-a3d7-0a8b2e3f1b53",
      "event": 15,
      "competency": 5,
      "experience": 18,
      "created_at": "2025-09-24T14:58:24.186615+00:00",
      "updated_at": "2025-09-24T14:58:24.186615+00:00"
    }
  },
  {
    "model": "game_world.EventCompetency",
    "pk": 17,
    "fields": {
      "uuid": "e7f1e0b5-6c6d-7d1b-b4e8-1b9c3f4a2c54",
      "event": 19,
      "competency": 7,
      "experience": 70,
      "created_at": "2025-09-24T14:58:24.186615+00:00",
      "updated_at": "2025-09-24T14:58:24.186615+00:00"
    }
  },
  {
    "model": "game_world.EventCompetency",
    "pk": 18,
    "fields": {
      "uuid": "f8a2f1c6-7d7e-8e2c-c5f9-2c0d4a5b3d55",
      "event": 22,
      "competency": 9,
      "experience": 80,
      "created_at": "2025-09-24T14:58:24.186615+00:00",
      "updated_at": "2025-09-24T14:58:24.186615+00:00"
    }
  },
  {
    "model": "game_world.EventCompetency",
    "pk": 19,
    "fields": {
      "uuid": "a9b3a2d7-8e8f-9f3d-d6b0-3d1e5b6c4e56",
      "event": 24,
      "competency": 15,
      "experience": 90,
      "created_at": "2025-09-24T14:58:24.186615+00:00",
      "updated_at": "2025-09-24T14:58:24.186615+00:00"
    }
  },
  {
    "model": "game_world.EventCompetency",
    "pk": 20,
    "fields": {
      "uuid": "b0c4b3e8-9f9a-0a4e-e7c1-4e2f6c7d5f57",
      "event": 11,
      "competency": 1,
      "experience": 12,
      "created_at": "2025-09-24T14:58:24.186615+00:00",
      "updated_at": "2025-09-24T14:58:24.186615+00:00"
    }
  },
  {
    "model": "game_world.MissionBranch",
    "pk": 4,
    "fields": {
      "uuid": "c1d5c4f9-0a0b-1b5f-f8d2-5f3a7d8e6a46",
      "name": "Оценка и развитие талантов",
      "description": "Ветка миссий по созданию систем оценки компетенций и развитию потенциала сотрудников.",
      "icon": null,
      "color": "#F44336",
      "is_active": true,
      "start_datetime": null,
      "time_to_complete": 40,
      "rank": 4,
      "category": 6,
      "mentor": null,
      "game_world": 1,
      "created_at": "2025-09-24T14:58:24.186615+00:00",
      "updated_at": "2025-09-24T14:58:24.186615+00:00"
    }
  },
  {
    "model": "game_world.MissionBranch",
    "pk": 5,
    "fields": {
      "uuid": "d2e6d5a0-1b1c-2c6a-a9e3-6a4b8e9f7b47",
      "name": "Симуляторы и тренинги",
      "description": "Ветка миссий по разработке и проведению обучающих симуляций для различных HR-ситуаций.",
      "icon": null,
      "color": "#9C27B0",
      "is_active": true,
      "start_datetime": null,
      "time_to_complete": 25,
      "rank": 3,
      "category": 4,
      "mentor": null,
      "game_world": 1,
      "created_at": "2025-09-24T14:58:24.186615+00:00",
      "updated_at": "2025-09-24T14:58:24.186615+00:00"
    }
  },
  {
    "model": "game_world.MissionBranch",
    "pk": 6,
    "fields": {
      "uuid": "e3f7e6b1-2c2d-3d7b-b0f4-7b5c9a0a8c48",
      "name": "Развитие лидерства",
      "description": "Ветка миссий по выявлению и развитию лидерского потенциала среди сотрудников корпорации.",
      "icon": null,
      "color": "#673AB7",
      "is_active": true,
      "start_datetime": null,
      "time_to_complete": 60,
      "rank": 5,
      "category": 7,
      "mentor": null,
      "game_world": 1,
      "created_at": "2025-09-24T14:58:24.186615+00:00",
      "updated_at": "2025-09-24T14:58:24.186615+00:00"
    }
  },
  {
    "model": "game_world.MissionBranch",
    "pk": 7,
    "fields": {
      "uuid": "f4a8f7c2-3d3e-4e8c-c1a5-8c6d0b1b9d49",
      "name": "Командообразование",
      "description": "Ветка миссий по укреплению командного духа и развитию синергии между отделами.",
      "icon": null,
      "color": "#E91E63",
      "is_active": true,
      "start_datetime": null,
      "time_to_complete": 35,
      "rank": 3,
      "category": 8,
      "mentor": null,
      "game_world": 1,
      "created_at": "2025-09-24T14:58:24.186615+00:00",
      "updated_at": "2025-09-24T14:58:24.186615+00:00"
    }
  },
  {
    "model": "game_world.MissionBranch",
    "pk": 8,
    "fields": {
      "uuid": "a5b9a8d3-4e4f-5f9d-d2b6-9d7e1c2c0e50",
      "name": "HR-аналитика и метрики",
      "description": "Ветка миссий по внедрению аналитических инструментов и работе с HR-метриками.",
      "icon": null,
      "color": "#607D8B",
      "is_active": true,
      "start_datetime": null,
      "time_to_complete": 50,
      "rank": 4,
      "category": 10,
      "mentor": null,
      "game_world": 1,
      "created_at": "2025-09-24T14:58:24.186615+00:00",
      "updated_at": "2025-09-24T14:58:24.186615+00:00"
    }
  },
  {
    "model": "game_world.MissionBranch",
    "pk": 9,
    "fields": {
      "uuid": "b6c0b9e4-5f5a-6a0e-e3c7-0e8f2d3d1f51",
      "name": "Квестовая линия новичка",
      "description": "Специальная ветка миссий для полного погружения новых сотрудников в культуру компании.",
      "icon": null,
      "color": "#4CAF50",
      "is_active": true,
      "start_datetime": null,
      "time_to_complete": 14,
      "rank": 1,
      "category": 1,
      "mentor": null,
      "game_world": 1,
      "created_at": "2025-09-24T14:58:24.186615+00:00",
      "updated_at": "2025-09-24T14:58:24.186615+00:00"
    }
  },
  {
    "model": "game_world.MissionBranch",
    "pk": 10,
    "fields": {
      "uuid": "c7d1c0a5-6a6b-7b1f-f4d8-1f9a3e4e2a52",
      "name": "Межпланетный рекрутинг",
      "description": "Продвинутая ветка миссий по поиску и привлечению талантов из разных секторов галактики.",
      "icon": null,
      "color": "#FF5733",
      "is_active": true,
      "start_datetime": null,
      "time_to_complete": 90,
      "rank": 6,
      "category": 2,
      "mentor": null,
      "game_world": 1,
      "created_at": "2025-09-24T14:58:24.186615+00:00",
      "updated_at": "2025-09-24T14:58:24.186615+00:00"
    }
  },
  {
    "model": "game_world.MissionBranch",
    "pk": 11,
    "fields": {
      "uuid": "d8e2d1b6-7b7c-8c2a-a5e9-2a0b4f5f3b53",
      "name": "Образовательная платформа",
      "description": "Ветка миссий по созданию и развитию внутренней образовательной экосистемы.",
      "icon": null,
      "color": "#FF9800",
      "is_active": true,
      "start_datetime": null,
      "time_to_complete": 70,
      "rank": 5,
      "category": 3,
      "mentor": null,
      "game_world": 1,
      "created_at": "2025-09-24T14:58:24.186615+00:00",
      "updated_at": "2025-09-24T14:58:24.186615+00:00"
    }
  },
  {
    "model": "game_world.MissionBranch",
    "pk": 12,
    "fields": {
      "uuid": "e9f3e2c7-8c8d-9d3b-b6f0-3b1c5a6a4c54",
      "name": "Галактический HR-бренд",
      "description": "Элитная ветка миссий по построению межзвёздного бренда работодателя.",
      "icon": null,
      "color": "#FFD700",
      "is_active": true,
      "start_datetime": null,
      "time_to_complete": 120,
      "rank": 7,
      "category": 9,
      "mentor": null,
      "game_world": 1,
      "created_at": "2025-09-24T14:58:24.186615+00:00",
      "updated_at": "2025-09-24T14:58:24.186615+00:00"
    }
  },
  {
    "model": "game_world.MissionBranch",
    "pk": 13,
    "fields": {
      "uuid": "f0a4f3d8-9d9e-0e4a-c7a1-4c2d6b7b5d55",
      "name": "Космическая адаптация",
      "description": "Специализированная ветка по адаптации персонала к работе в экстремальных условиях космоса.",
      "icon": null,
      "color": "#00BCD4",
      "is_active": true,
      "start_datetime": null,
      "time_to_complete": 42,
      "rank": 4,
      "category": 5,
      "mentor": null,
      "game_world": 1,
      "created_at": "2025-09-24T14:58:24.186615+00:00",
      "updated_at": "2025-09-24T14:58:24.186615+00:00"
    }
  },
  {
    "model": "game_world.Mission",
    "pk": 8,
    "fields": {
      "uuid": "a1b5a4e9-0f0a-1a5f-d8b2-5a3d7c8f6e56",
      "name": "Разработка матрицы компетенций",
      "description": "Создание детальной матрицы компетенций для оценки технических специалистов.",
      "experience": 220,
      "currency": 180,
      "icon": null,
      "color": "",
      "order": 1,
      "is_key_mission": true,
      "is_active": true,
      "time_to_complete": 7,
      "branch": 4,
      "category": 6,
      "mentor": null,
      "level": 3,
      "game_world": 1,
      "created_at": "2025-09-24T14:58:24.186615+00:00",
      "updated_at": "2025-09-24T14:58:24.186615+00:00"
    }
  },
  {
    "model": "game_world.Mission",
    "pk": 9,
    "fields": {
      "uuid": "b2c6b5a0-1a1b-2b6a-e9c3-6b4e8d9a7f57",
      "name": "Проведение 360-градусной оценки",
      "description": "Организация комплексной оценки сотрудника с участием коллег, руководства и подчинённых.",
      "experience": 280,
      "currency": 220,
      "icon": null,
      "color": "",
      "order": 2,
      "is_key_mission": false,
      "is_active": true,
      "time_to_complete": 10,
      "branch": 4,
      "category": 6,
      "mentor": null,
      "level": 3,
      "game_world": 1,
      "created_at": "2025-09-24T14:58:24.186615+00:00",
      "updated_at": "2025-09-24T14:58:24.186615+00:00"
    }
  },
  {
    "model": "game_world.Mission",
    "pk": 10,
    "fields": {
      "uuid": "c3d7c6b1-2b2c-3c7b-f0d4-7c5f9e0b8a58",
      "name": "Создание симулятора космического кризиса",
      "description": "Разработка VR-симулятора для отработки действий команды в критических ситуациях.",
      "experience": 200,
      "currency": 160,
      "icon": null,
      "color": "",
      "order": 1,
      "is_key_mission": true,
      "is_active": true,
      "time_to_complete": 8,
      "branch": 5,
      "category": 4,
      "mentor": null,
      "level": 2,
      "game_world": 1,
      "created_at": "2025-09-24T14:58:24.186615+00:00",
      "updated_at": "2025-09-24T14:58:24.186615+00:00"
    }
  },
  {
    "model": "game_world.Mission",
    "pk": 11,
    "fields": {
      "uuid": "d4e8d7c2-3c3d-4d8c-a1e5-8d6a0f1c9b59",
      "name": "Проведение симуляции переговоров",
      "description": "Организация ролевой игры для отработки навыков ведения сложных переговоров.",
      "experience": 150,
      "currency": 120,
      "icon": null,
      "color": "",
      "order": 2,
      "is_key_mission": false,
      "is_active": true,
      "time_to_complete": 3,
      "branch": 5,
      "category": 4,
      "mentor": null,
      "level": 2,
      "game_world": 1,
      "created_at": "2025-09-24T14:58:24.186615+00:00",
      "updated_at": "2025-09-24T14:58:24.186615+00:00"
    }
  },
  {
    "model": "game_world.Mission",
    "pk": 12,
    "fields": {
      "uuid": "e5f9e8d3-4d4e-5e9d-b2f6-9e7b1a2d0c60",
      "name": "Выявление будущих лидеров",
      "description": "Проведение ассессмента для определения сотрудников с высоким лидерским потенциалом.",
      "experience": 350,
      "currency": 280,
      "icon": null,
      "color": "",
      "order": 1,
      "is_key_mission": true,
      "is_active": true,
      "time_to_complete": 14,
      "branch": 6,
      "category": 7,
      "mentor": null,
      "level": 4,
      "game_world": 1,
      "created_at": "2025-09-24T14:58:24.186615+00:00",
      "updated_at": "2025-09-24T14:58:24.186615+00:00"
    }
  },
  {
    "model": "game_world.Mission",
    "pk": 13,
    "fields": {
      "uuid": "f6a0f9e4-5e5f-6f0a-c3a7-0f8c2b3e1d61",
      "name": "Менторская программа для лидеров",
      "description": "Запуск и координация программы менторства для развития управленческих навыков.",
      "experience": 400,
      "currency": 320,
      "icon": null,
      "color": "",
      "order": 2,
      "is_key_mission": false,
      "is_active": true,
      "time_to_complete": 20,
      "branch": 6,
      "category": 7,
      "mentor": null,
      "level": 4,
      "game_world": 1,
      "created_at": "2025-09-24T14:58:24.186615+00:00",
      "updated_at": "2025-09-24T14:58:24.186615+00:00"
    }
  },
  {
    "model": "game_world.Mission",
    "pk": 14,
    "fields": {
      "uuid": "a7b1a0a5-6f6a-7a1b-d4b8-1a9d3c4f2e62",
      "name": "Организация квеста для команды",
      "description": "Создание интерактивного командного квеста для улучшения взаимодействия между отделами.",
      "experience": 140,
      "currency": 110,
      "icon": null,
      "color": "",
      "order": 1,
      "is_key_mission": true,
      "is_active": true,
      "time_to_complete": 5,
      "branch": 7,
      "category": 8,
      "mentor": null,
      "level": 2,
      "game_world": 1,
      "created_at": "2025-09-24T14:58:24.186615+00:00",
      "updated_at": "2025-09-24T14:58:24.186615+00:00"
    }
  },
  {
    "model": "game_world.Mission",
    "pk": 15,
    "fields": {
      "uuid": "b8c2b1b6-7a7b-8b2c-e5c9-2b0e4d5a3f63",
      "name": "Космический тимбилдинг",
      "description": "Проведение выездного мероприятия на орбитальной станции для сплочения команды.",
      "experience": 180,
      "currency": 150,
      "icon": null,
      "color": "",
      "order": 2,
      "is_key_mission": false,
      "is_active": true,
      "time_to_complete": 3,
      "branch": 7,
      "category": 8,
      "mentor": null,
      "level": 3,
      "game_world": 1,
      "created_at": "2025-09-24T14:58:24.186615+00:00",
      "updated_at": "2025-09-24T14:58:24.186615+00:00"
    }
  },
  {
    "model": "game_world.Mission",
    "pk": 16,
    "fields": {
      "uuid": "c9d3c2c7-8b8c-9c3d-f6d0-3c1f5b6b4a64",
      "name": "Внедрение HR-дашборда",
      "description": "Создание интерактивного дашборда для отслеживания ключевых HR-метрик в реальном времени.",
      "experience": 300,
      "currency": 240,
      "icon": null,
      "color": "",
      "order": 1,
      "is_key_mission": true,
      "is_active": true,
      "time_to_complete": 12,
      "branch": 8,
      "category": 10,
      "mentor": null,
      "level": 3,
      "game_world": 1,
      "created_at": "2025-09-24T14:58:24.186615+00:00",
      "updated_at": "2025-09-24T14:58:24.186615+00:00"
    }
  },
  {
    "model": "game_world.Mission",
    "pk": 17,
    "fields": {
      "uuid": "d0e4d3d8-9c9d-0d4e-a7e1-4c2a6c7c5b65",
      "name": "Анализ текучести кадров",
      "description": "Проведение глубокого анализа причин увольнений и разработка рекомендаций по удержанию.",
      "experience": 250,
      "currency": 200,
      "icon": null,
      "color": "",
      "order": 2,
      "is_key_mission": false,
      "is_active": true,
      "time_to_complete": 8,
      "branch": 8,
      "category": 10,
      "mentor": null,
      "level": 3,
      "game_world": 1,
      "created_at": "2025-09-24T14:58:24.186615+00:00",
      "updated_at": "2025-09-24T14:58:24.186615+00:00"
    }
  },
  {
    "model": "game_world.Mission",
    "pk": 18,
    "fields": {
      "uuid": "e1f5e4e9-0d0e-1e5f-b8f2-5d3b7d8d6c66",
      "name": "Первый день в корпорации",
      "description": "Прохождение всех обязательных процедур первого рабочего дня нового сотрудника.",
      "experience": 50,
      "currency": 40,
      "icon": null,
      "color": "",
      "order": 1,
      "is_key_mission": true,
      "is_active": true,
      "time_to_complete": 1,
      "branch": 9,
      "category": 1,
      "mentor": null,
      "level": 1,
      "game_world": 1,
      "created_at": "2025-09-24T14:58:24.186615+00:00",
      "updated_at": "2025-09-24T14:58:24.186615+00:00"
    }
  },
  {
    "model": "game_world.Mission",
    "pk": 19,
    "fields": {
      "uuid": "f2a6f5f0-1e1f-2f6a-c9a3-6d4c8e9e7d67",
      "name": "Знакомство с командой",
      "description": "Участие в серии встреч для знакомства с коллегами и понимания структуры команды.",
      "experience": 70,
      "currency": 55,
      "icon": null,
      "color": "",
      "order": 2,
      "is_key_mission": false,
      "is_active": true,
      "time_to_complete": 2,
      "branch": 9,
      "category": 1,
      "mentor": null,
      "level": 1,
      "game_world": 1,
      "created_at": "2025-09-24T14:58:24.186615+00:00",
      "updated_at": "2025-09-24T14:58:24.186615+00:00"
    }
  },
  {
    "model": "game_world.Mission",
    "pk": 20,
    "fields": {
      "uuid": "a3b7a6a1-2f2a-3a7b-d0b4-7e5d9f0f8e68",
      "name": "Поиск талантов на Марсе",
      "description": "Организация рекрутинговой экспедиции для привлечения специалистов с марсианских колоний.",
      "experience": 600,
      "currency": 480,
      "icon": null,
      "color": "",
      "order": 1,
      "is_key_mission": true,
      "is_active": true,
      "time_to_complete": 21,
      "branch": 10,
      "category": 2,
      "mentor": null,
      "level": 5,
      "game_world": 1,
      "created_at": "2025-09-24T14:58:24.186615+00:00",
      "updated_at": "2025-09-24T14:58:24.186615+00:00"
    }
  },
  {
    "model": "game_world.Mission",
    "pk": 21,
    "fields": {
      "uuid": "b4c8b7b2-3a3b-4b8c-e1c5-8f6e0a1a9f69",
      "name": "Межпланетный нетворкинг",
      "description": "Участие в галактической конференции для установления контактов с HR-специалистами других планет.",
      "experience": 500,
      "currency": 400,
      "icon": null,
      "color": "",
      "order": 2,
      "is_key_mission": false,
      "is_active": true,
      "time_to_complete": 7,
      "branch": 10,
      "category": 2,
      "mentor": null,
      "level": 4,
      "game_world": 1,
      "created_at": "2025-09-24T14:58:24.186615+00:00",
      "updated_at": "2025-09-24T14:58:24.186615+00:00"
    }
  },
  {
    "model": "game_world.Mission",
    "pk": 22,
    "fields": {
      "uuid": "c5d9c8c3-4b4c-5c9d-f2d6-9a7f1b2b0a70",
      "name": "Создание учебного портала",
      "description": "Разработка интерактивной платформы для онлайн-обучения сотрудников корпорации.",
      "experience": 450,
      "currency": 360,
      "icon": null,
      "color": "",
      "order": 1,
      "is_key_mission": true,
      "is_active": true,
      "time_to_complete": 18,
      "branch": 11,
      "category": 3,
      "mentor": null,
      "level": 4,
      "game_world": 1,
      "created_at": "2025-09-24T14:58:24.186615+00:00",
      "updated_at": "2025-09-24T14:58:24.186615+00:00"
    }
  },
  {
    "model": "game_world.Mission",
    "pk": 23,
    "fields": {
      "uuid": "d6e0d9d4-5c5d-6d0b-a3e7-0b8c2c3c1b71",
      "name": "Запуск менторской программы",
      "description": "Организация системы наставничества для передачи знаний между поколениями специалистов.",
      "experience": 380,
      "currency": 300,
      "icon": null,
      "color": "",
      "order": 2,
      "is_key_mission": false,
      "is_active": true,
      "time_to_complete": 14,
      "branch": 11,
      "category": 3,
      "mentor": null,
      "level": 3,
      "game_world": 1,
      "created_at": "2025-09-24T14:58:24.186615+00:00",
      "updated_at": "2025-09-24T14:58:24.186615+00:00"
    }
  },
  {
    "model": "game_world.Mission",
    "pk": 24,
    "fields": {
      "uuid": "e7f1e0e5-6d6e-7e1c-b4f8-1c9d3d4d2c72",
      "name": "Создание виртуального HR-амбассадора",
      "description": "Разработка AI-помощника для представления компании на межгалактических ярмарках вакансий.",
      "experience": 800,
      "currency": 640,
      "icon": null,
      "color": "",
      "order": 1,
      "is_key_mission": true,
      "is_active": true,
      "time_to_complete": 30,
      "branch": 12,
      "category": 9,
      "mentor": null,
      "level": 5,
      "game_world": 1,
      "created_at": "2025-09-24T14:58:24.186615+00:00",
      "updated_at": "2025-09-24T14:58:24.186615+00:00"
    }
  },
  {
    "model": "game_world.Mission",
    "pk": 25,
    "fields": {
      "uuid": "f8a2f1f6-7e7f-8f2d-c5a9-2d0e4e5e3d73",
      "name": "Галактическая PR-кампания",
      "description": "Запуск масштабной кампании по продвижению бренда работодателя во всех секторах Альянса.",
      "experience": 700,
      "currency": 560,
      "icon": null,
      "color": "",
      "order": 2,
      "is_key_mission": false,
      "is_active": true,
      "time_to_complete": 21,
      "branch": 12,
      "category": 9,
      "mentor": null,
      "level": 5,
      "game_world": 1,
      "created_at": "2025-09-24T14:58:24.186615+00:00",
      "updated_at": "2025-09-24T14:58:24.186615+00:00"
    }
  },
  {
    "model": "game_world.Mission",
    "pk": 26,
    "fields": {
      "uuid": "a9b3a2a7-8f8a-9a3d-d6c0-3e1f5f6f4e74",
      "name": "Подготовка к работе в невесомости",
      "description": "Прохождение специального курса адаптации для работы на орбитальных станциях.",
      "experience": 280,
      "currency": 220,
      "icon": null,
      "color": "",
      "order": 1,
      "is_key_mission": true,
      "is_active": true,
      "time_to_complete": 10,
      "branch": 13,
      "category": 5,
      "mentor": null,
      "level": 3,
      "game_world": 1,
      "created_at": "2025-09-24T14:58:24.186615+00:00",
      "updated_at": "2025-09-24T14:58:24.186615+00:00"
    }
  },
  {
    "model": "game_world.Mission",
    "pk": 27,
    "fields": {
      "uuid": "b0c4b3b8-9a9b-0b4d-e7d1-4f2a6a7a5f75",
      "name": "Психологическая адаптация к изоляции",
      "description": "Курс подготовки к длительной работе в условиях космической изоляции.",
      "experience": 320,
      "currency": 260,
      "icon": null,
      "color": "",
      "order": 2,
      "is_key_mission": false,
      "is_active": true,
      "time_to_complete": 14,
      "branch": 13,
      "category": 5,
      "mentor": null,
      "level": 3,
      "game_world": 1,
      "created_at": "2025-09-24T14:58:24.186615+00:00",
      "updated_at": "2025-09-24T14:58:24.186615+00:00"
    }
  },
  {
    "model": "game_world.MissionArtifact",
    "pk": 3,
    "fields": {
      "uuid": "c1d5c4c9-0b0c-1c5f-f8e2-5b3b7b8b6a76",
      "mission": 12,
      "artifact": 7,
      "created_at": "2025-09-24T14:58:24.186615+00:00",
      "updated_at": "2025-09-24T14:58:24.186615+00:00"
    }
  },
  {
    "model": "game_world.MissionArtifact",
    "pk": 4,
    "fields": {
      "uuid": "d2e6d5d0-1c1d-2d6f-a9f3-6c4c8c9c7b77",
      "mission": 16,
      "artifact": 3,
      "created_at": "2025-09-24T14:58:24.186615+00:00",
      "updated_at": "2025-09-24T14:58:24.186615+00:00"
    }
  },
  {
    "model": "game_world.MissionArtifact",
    "pk": 5,
    "fields": {
      "uuid": "e3f7e6e1-2d2e-3e7c-b0a4-7d5d9d0d8c78",
      "mission": 20,
      "artifact": 5,
      "created_at": "2025-09-24T14:58:24.186615+00:00",
      "updated_at": "2025-09-24T14:58:24.186615+00:00"
    }
  },
  {
    "model": "game_world.MissionArtifact",
    "pk": 6,
    "fields": {
      "uuid": "f4a8f7f2-3e3f-4f8d-c1b5-8e6e0e1e9d79",
      "mission": 24,
      "artifact": 10,
      "created_at": "2025-09-24T14:58:24.186615+00:00",
      "updated_at": "2025-09-24T14:58:24.186615+00:00"
    }
  },
  {
    "model": "game_world.MissionCompetency",
    "pk": 10,
    "fields": {
      "uuid": "a5b9a8a3-4f4a-5a9f-d2c6-9f7f1f2f0a80",
      "mission": 8,
      "competency": 7,
      "experience": 30,
      "created_at": "2025-09-24T14:58:24.186615+00:00",
      "updated_at": "2025-09-24T14:58:24.186615+00:00"
    }
  },
  {
    "model": "game_world.MissionCompetency",
    "pk": 11,
    "fields": {
      "uuid": "b6c0b9b4-5a5b-6b0c-e3d7-0a8a2a3a1b81",
      "mission": 10,
      "competency": 13,
      "experience": 25,
      "created_at": "2025-09-24T14:58:24.186615+00:00",
      "updated_at": "2025-09-24T14:58:24.186615+00:00"
    }
  },
  {
    "model": "game_world.MissionCompetency",
    "pk": 12,
    "fields": {
      "uuid": "c7d1c0c5-6b6c-7c1d-f4e8-1b9b3b4b2c82",
      "mission": 12,
      "competency": 9,
      "experience": 40,
      "created_at": "2025-09-24T14:58:24.186615+00:00",
      "updated_at": "2025-09-24T14:58:24.186615+00:00"
    }
  },
  {
    "model": "game_world.MissionCompetency",
    "pk": 13,
    "fields": {
      "uuid": "d8e2d1d6-7c7d-8d2e-a5f9-2c0c4c5c3d83",
      "mission": 14,
      "competency": 5,
      "experience": 18,
      "created_at": "2025-09-24T14:58:24.186615+00:00",
      "updated_at": "2025-09-24T14:58:24.186615+00:00"
    }
  },
  {
    "model": "game_world.MissionCompetency",
    "pk": 14,
    "fields": {
      "uuid": "e9f3e2e7-8d8e-9e3f-b6a0-3d1d5d6d4e84",
      "mission": 16,
      "competency": 7,
      "experience": 35,
      "created_at": "2025-09-24T14:58:24.186615+00:00",
      "updated_at": "2025-09-24T14:58:24.186615+00:00"
    }
  },
  {
    "model": "game_world.MissionCompetency",
    "pk": 15,
    "fields": {
      "uuid": "f0a4f3f8-9e9f-0f4a-c7b1-4e2e6e7e5f85",
      "mission": 18,
      "competency": 1,
      "experience": 8,
      "created_at": "2025-09-24T14:58:24.186615+00:00",
      "updated_at": "2025-09-24T14:58:24.186615+00:00"
    }
  },
  {
    "model": "game_world.MissionCompetency",
    "pk": 16,
    "fields": {
      "uuid": "a1b5a4a9-0f0a-1a5a-d8c2-5f3f7f8f6a86",
      "mission": 20,
      "competency": 17,
      "experience": 50,
      "created_at": "2025-09-24T14:58:24.186615+00:00",
      "updated_at": "2025-09-24T14:58:24.186615+00:00"
    }
  },
  {
    "model": "game_world.MissionCompetency",
    "pk": 17,
    "fields": {
      "uuid": "b2c6b5b0-1a1b-2b6b-e9d3-6a4a8a9a7b87",
      "mission": 22,
      "competency": 5,
      "experience": 45,
      "created_at": "2025-09-24T14:58:24.186615+00:00",
      "updated_at": "2025-09-24T14:58:24.186615+00:00"
    }
  },
  {
    "model": "game_world.MissionCompetency",
    "pk": 18,
    "fields": {
      "uuid": "c3d7c6c1-2c2c-3c7c-f0e4-7b5b9b0b8c88",
      "mission": 24,
      "competency": 13,
      "experience": 60,
      "created_at": "2025-09-24T14:58:24.186615+00:00",
      "updated_at": "2025-09-24T14:58:24.186615+00:00"
    }
  },
  {
    "model": "game_world.MissionCompetency",
    "pk": 19,
    "fields": {
      "uuid": "d4e8d7d2-3d3d-4d8d-a1f5-8c6c0c1c9d89",
      "mission": 26,
      "competency": 17,
      "experience": 28,
      "created_at": "2025-09-24T14:58:24.186615+00:00",
      "updated_at": "2025-09-24T14:58:24.186615+00:00"
    }
  },
  {
    "model": "game_world.GameWorldStory",
    "pk": 7,
    "fields": {
      "uuid": "e5f9e8e3-4e4e-5e9e-b2a6-9d7d1d2d0e90",
      "image": null,
      "text": "В эпоху космической экспансии, оценка компетенций стала критически важной. Как астронавигатор использует звездные карты для прокладки маршрута, так HR-специалисты используют матрицы компетенций для определения потенциала каждого члена экипажа.",
      "game_world": 1,
      "content_type": 34,
      "object_id": 11,
      "created_at": "2025-09-24T14:58:24.186615+00:00",
      "updated_at": "2025-09-24T14:58:24.186615+00:00"
    }
  },
  {
    "model": "game_world.GameWorldStory",
    "pk": 8,
    "fields": {
      "uuid": "f6a0f9f4-5f5f-6f0f-c3b7-0e8e2e3e1f91",
      "image": null,
      "text": "Симуляторы космических кризисов - не просто тренинги, а жизненно важная подготовка. В условиях, где от слаженности команды зависит выживание всего экипажа, каждая секунда тренировки может спасти жизни в реальной ситуации.",
      "game_world": 1,
      "content_type": 34,
      "object_id": 12,
      "created_at": "2025-09-24T14:58:24.186615+00:00",
      "updated_at": "2025-09-24T14:58:24.186615+00:00"
    }
  },
  {
    "model": "game_world.GameWorldStory",
    "pk": 9,
    "fields": {
      "uuid": "a7b1a0b5-6a6b-7b1b-d4c8-1b9e3e4e2a92",
      "image": null,
      "text": "Лидеры космической эры - это не просто управленцы, а вдохновители, способные вести команду через звезды к новым горизонтам. Программа развития лидерства готовит капитанов будущего, способных принимать решения в условиях неопределенности космоса.",
      "game_world": 1,
      "content_type": 39,
      "object_id": 12,
      "created_at": "2025-09-24T14:58:24.186615+00:00",
      "updated_at": "2025-09-24T14:58:24.186615+00:00"
    }
  },
  {
    "model": "game_world.GameWorldStory",
    "pk": 10,
    "fields": {
      "uuid": "b8c2b1c6-7b7c-8c2c-e5d9-2c0f4f5f3b93",
      "image": null,
      "text": "Командный дух в условиях межзвездных экспедиций - это больше, чем просто хорошие отношения. Это синергия, позволяющая экипажу действовать как единый организм, где каждый знает свою роль и доверяет товарищам как самому себе.",
      "game_world": 1,
      "content_type": 39,
      "object_id": 14,
      "created_at": "2025-09-24T14:58:24.186615+00:00",
      "updated_at": "2025-09-24T14:58:24.186615+00:00"
    }
  },
  {
    "model": "game_world.GameWorldStory",
    "pk": 11,
    "fields": {
      "uuid": "c9d3c2d7-8c8d-9d3d-f6e0-3d1f5c6c4c94",
      "image": null,
      "text": "HR-аналитика в эпоху квантовых вычислений превратилась в точную науку. Предсказательные модели позволяют не только оценивать текущее состояние команды, но и прогнозировать её развитие на годы вперед, учитывая тысячи переменных.",
      "game_world": 1,
      "content_type": 39,
      "object_id": 16,
      "created_at": "2025-09-24T14:58:24.186615+00:00",
      "updated_at": "2025-09-24T14:58:24.186615+00:00"
    }
  },
  {
    "model": "game_world.GameWorldStory",
    "pk": 1,
    "fields": {
      "uuid": "550e8400-e29b-41d4-a716-446655440064",
      "image": null,
      "text": "В далеком будущем человечество освоило межзвездные перелеты и основало Альянс Колониальных Корпораций. Наша компания - одна из первых, кто отправился к звездам в поисках новых талантов и возможностей. Мы - первопроходцы космического рекрутинга, открывающие двери для лучших специалистов со всех уголков галактики.",
      "game_world": 1,
      "content_type": 24,
      "object_id": 1,
      "created_at": "2025-01-15T10:00:00Z",
      "updated_at": "2025-01-15T10:00:00Z"
    }
  },
  {
    "model": "game_world.GameWorldStory",
    "pk": 2,
    "fields": {
      "uuid": "550e8400-e29b-41d4-a716-446655440065",
      "image": null,
      "text": "Каждый новый сотрудник - это как новый член экипажа космического корабля. Его интеграция в команду требует тщательной подготовки и поддержки. Система наставничества позволяет плавно ввести новичка в рабочий процесс, подобно тому как опытный пилот обучает штурмана основам космической навигации.",
      "game_world": 1,
      "content_type": 24,
      "object_id": 7,
      "created_at": "2025-01-15T10:00:00Z",
      "updated_at": "2025-01-15T10:00:00Z"
    }
  },
  {
    "model": "game_world.GameWorldStory",
    "pk": 3,
    "fields": {
      "uuid": "550e8400-e29b-41d4-a716-446655440066",
      "image": null,
      "text": "Процесс рекрутинга сравним с поиском редких артефактов на неизведанных планетах. Каждый кандидат - уникальная находка, требующая особого подхода и экспертной оценки. Наши рекрутеры подобны археологам, раскрывающим скрытый потенциал каждого специалиста.",
      "game_world": 1,
      "content_type": 25,
      "object_id": 3,
      "created_at": "2025-01-15T10:00:00Z",
      "updated_at": "2025-01-15T10:00:00Z"
    }
  },
  {
    "model": "game_world.GameWorldStory",
    "pk": 4,
    "fields": {
      "uuid": "550e8400-e29b-41d4-a716-446655440067",
      "image": null,
      "text": "Проведение собеседования - это искусство дипломатии и анализа. Как межзвездные переговоры, успешное интервью требует подготовки, эмпатии и стратегического мышления. Каждое решение влияет на будущее всей команды и компании.",
      "game_world": 1,
      "content_type": 25,
      "object_id": 3,
      "created_at": "2025-01-15T10:00:00Z",
      "updated_at": "2025-01-15T10:00:00Z"
    }
  },
  {
    "model": "game_world.GameWorldStory",
    "pk": 5,
    "fields": {
      "uuid": "550e8400-e29b-41d4-a716-446655440068",
      "image": null,
      "text": "Развитие HR-бренда компании подобно созданию репутации межзвездной корпорации. Каждый отзыв, каждая публикация и мероприятие укрепляет наш статус на галактическом рынке труда. Мы строим мосты между талантами и возможностями.",
      "game_world": 1,
      "content_type": 28,
      "object_id": 1,
      "created_at": "2025-01-15T10:00:00Z",
      "updated_at": "2025-01-15T10:00:00Z"
    }
  },
  {
    "model": "game_world.GameWorldStory",
    "pk": 6,
    "fields": {
      "uuid": "550e8400-e29b-41d4-a716-446655440069",
      "image": null,
      "text": "Адаптация новых сотрудников - это как стыковка космического корабля с орбитальной станцией. Процесс требует точности, внимания к деталям и постоянной поддержки. Успешная интеграция гарантирует плавный переход в рабочий ритм команды.",
      "game_world": 1,
      "content_type": 28,
      "object_id": 2,
      "created_at": "2025-01-15T10:00:00Z",
      "updated_at": "2025-01-15T10:00:00Z"
    }
  },
  {
    "model": "game_world.GameWorldStory",
    "pk": 12,
    "fields": {
      "uuid": "d0e4d3e8-9d9e-0e4e-a7f1-4e2f6d7d5d95",
      "image": null,
      "text": "Первый день нового члена экипажа - это начало космической одиссеи. Каждый новичок проходит через ритуал посвящения, получая свой идентификатор пилота и доступ к системам корабля. Это момент, когда мечта становится реальностью.",
      "game_world": 1,
      "content_type": 34,
      "object_id": 1,
      "created_at": "2025-09-24T14:58:24.186615+00:00",
      "updated_at": "2025-09-24T14:58:24.186615+00:00"
    }
  },
  {
    "model": "game_world.GameWorldStory",
    "pk": 13,
    "fields": {
      "uuid": "e1f5e4f9-0e0f-1f5f-b8a2-5e3c8e8e6e96",
      "image": null,
      "text": "Межпланетный рекрутинг открыл новую эру в поиске талантов. Теперь специалисты с Марса работают бок о бок с жителями Европы и астероидного пояса, создавая уникальный сплав культур и подходов к решению задач.",
      "game_world": 1,
      "content_type": 39,
      "object_id": 1,
      "created_at": "2025-09-24T14:58:24.186615+00:00",
      "updated_at": "2025-09-24T14:58:24.186615+00:00"
    }
  },
  {
    "model": "game_world.GameWorldStory",
    "pk": 14,
    "fields": {
      "uuid": "f2a6f5a0-1f1f-2a6f-c9b3-6f4d9f9f7f97",
      "image": null,
      "text": "Образовательные порталы с голографическими преподавателями стали стандартом корпоративного обучения. Теперь каждый сотрудник может учиться у лучших экспертов галактики, не покидая своего рабочего места на орбитальной станции.",
      "game_world": 1,
      "content_type": 34,
      "object_id": 2,
      "created_at": "2025-09-24T14:58:24.186615+00:00",
      "updated_at": "2025-09-24T14:58:24.186615+00:00"
    }
  },
  {
    "model": "game_world.GameWorldStory",
    "pk": 15,
    "fields": {
      "uuid": "a3b7a6b1-2a2b-3b7c-d0c4-7f5e0a0a8a98",
      "image": null,
      "text": "Виртуальные HR-амбассадоры стали лицом корпораций в межзвездном пространстве. Эти AI-сущности способны одновременно проводить тысячи интервью на разных языках и в разных временных зонах, не теряя при этом человеческого подхода.",
      "game_world": 1,
      "content_type": 39,
      "object_id": 2,
      "created_at": "2025-09-24T14:58:24.186615+00:00",
      "updated_at": "2025-09-24T14:58:24.186615+00:00"
    }
  },
  {
    "model": "game_world.GameWorldStory",
    "pk": 16,
    "fields": {
      "uuid": "b4c8b7c2-3b3c-4c8d-e1d5-8a6f1b1b9b99",
      "image": null,
      "text": "Адаптация к невесомости - это не только физический, но и психологический вызов. Специальные программы подготовки учат будущих космических работников мыслить и действовать в трёх измерениях, где понятия 'верх' и 'низ' теряют свой привычный смысл.",
      "game_world": 1,
      "content_type": 28,
      "object_id": 4,
      "created_at": "2025-09-24T14:58:24.186615+00:00",
      "updated_at": "2025-09-24T14:58:24.186615+00:00"
    }
  }
]
