[
  {
    "model": "game_world.gameworld",
    "pk": 1,
    "fields": {
      "name": "Аэрокосмический Альянс",
      "description": "Игровой мир будущего, где человечество освоило межпланетные перелеты и создало масштабную космическую инфраструктуру. Игроки выступают в роли пилотов, инженеров, дипломатов и стратегов, развивающих космическую экспансию человечества. От строительства орбитальных станций до дипломатических миссий с инопланетными цивилизациями - здесь каждый найдет свой путь к звездам. Компетенции отражают ключевые навыки, необходимые для выживания и процветания в условиях космической экспансии.",
      "color": "#1a237e",
      "standard_experience": 25,
      "standard_currency": 50,
      "currency_name": "звездные кредиты",
      "created_at": "2025-09-24T14:58:24.186615+00:00",
      "updated_at": "2025-09-24T14:58:24.186615+00:00"
    }
  },
  {
    "model": "game_mechanics.rank",
    "pk": 1,
    "fields": {
      "uuid": "9b27408d-01d2-4d02-bf12-1098c88842e3",
      "name": "Новичок",
      "description": "Начальный ранг, первые шаги в игре",
      "required_experience": 0,
      "icon": null,
      "color": "#9E9E9E",
      "parent": null,
      "game_world": 1,
      "created_at": "2025-09-24T14:58:24.186615Z",
      "updated_at": "2025-09-24T14:58:24.186615Z"
    }
  },
  {
    "model": "game_mechanics.rank",
    "pk": 2,
    "fields": {
      "uuid": "fa96cf2a-4b30-4d25-befc-7e47434bc0f2",
      "name": "Ученик",
      "description": "Освоивший базовые механики игры",
      "required_experience": 100,
      "icon": null,
      "color": "#4CAF50",
      "parent": 1,
      "game_world": 1,
      "created_at": "2025-09-24T14:58:24.186615Z",
      "updated_at": "2025-09-24T14:58:24.186615Z"
    }
  },
  {
    "model": "game_mechanics.rank",
    "pk": 3,
    "fields": {
      "uuid": "4f14c510-e388-42f3-b47a-70e2f281be87",
      "name": "Опытный",
      "description": "Уверенно владеет основными навыками",
      "required_experience": 300,
      "icon": null,
      "color": "#2196F3",
      "parent": 2,
      "game_world": 1,
      "created_at": "2025-09-24T14:58:24.186615Z",
      "updated_at": "2025-09-24T14:58:24.186615Z"
    }
  },
  {
    "model": "game_mechanics.rank",
    "pk": 4,
    "fields": {
      "uuid": "c6103b75-1622-4b9a-8b0c-0efc9be95157",
      "name": "Специалист",
      "description": "Углубленные знания в конкретных областях",
      "required_experience": 600,
      "icon": null,
      "color": "#FF9800",
      "parent": 3,
      "game_world": 1,
      "created_at": "2025-09-24T14:58:24.186615Z",
      "updated_at": "2025-09-24T14:58:24.186615Z"
    }
  },
  {
    "model": "game_mechanics.rank",
    "pk": 5,
    "fields": {
      "uuid": "6482ff6f-7f48-4f8f-bf11-b57d09c47b39",
      "name": "Эксперт",
      "description": "Высокий уровень мастерства",
      "required_experience": 1000,
      "icon": null,
      "color": "#9C27B0",
      "parent": 4,
      "game_world": 1,
      "created_at": "2025-09-24T14:58:24.186615Z",
      "updated_at": "2025-09-24T14:58:24.186615Z"
    }
  },
  {
    "model": "game_mechanics.rank",
    "pk": 6,
    "fields": {
      "uuid": "cbe4b202-3ea6-4a2d-ae6f-42d063da36fc",
      "name": "Мастер",
      "description": "Виртуозное владение игровыми механиками",
      "required_experience": 1500,
      "icon": null,
      "color": "#F44336",
      "parent": 5,
      "game_world": 1,
      "created_at": "2025-09-24T14:58:24.186615Z",
      "updated_at": "2025-09-24T14:58:24.186615Z"
    }
  },
  {
    "model": "game_mechanics.rank",
    "pk": 7,
    "fields": {
      "uuid": "0d88c8b0-4560-4438-8fa5-d8c88489c88f",
      "name": "Грандмастер",
      "description": "Легендарный уровень мастерства",
      "required_experience": 2100,
      "icon": null,
      "color": "#FFD700",
      "parent": 6,
      "game_world": 1,
      "created_at": "2025-09-24T14:58:24.186615Z",
      "updated_at": "2025-09-24T14:58:24.186615Z"
    }
  },
  {
    "model": "game_mechanics.rank",
    "pk": 8,
    "fields": {
      "uuid": "53993c7e-20a1-4f70-9463-d58b2f94e055",
      "name": "Легенда",
      "description": "Мифический статус, достижимый лишь единицами",
      "required_experience": 2800,
      "icon": null,
      "color": "#E91E63",
      "parent": 7,
      "game_world": 1,
      "created_at": "2025-09-24T14:58:24.186615Z",
      "updated_at": "2025-09-24T14:58:24.186615Z"
    }
  },
  {
    "model": "game_mechanics.rank",
    "pk": 9,
    "fields": {
      "uuid": "6d7d7c2d-7162-4cf1-9d5b-4908f03a871f",
      "name": "Чемпион",
      "description": "Абсолютный пик игрового совершенства",
      "required_experience": 3600,
      "icon": null,
      "color": "#3F51B5",
      "parent": 8,
      "game_world": 1,
      "created_at": "2025-09-24T14:58:24.186615Z",
      "updated_at": "2025-09-24T14:58:24.186615Z"
    }
  },
  {
    "model": "game_mechanics.rank",
    "pk": 10,
    "fields": {
      "uuid": "f67e7585-f61e-4c97-8fbd-55eebcb6ff87",
      "name": "Властелин",
      "description": "Высший ранг, символ абсолютного превосходства",
      "required_experience": 4500,
      "icon": null,
      "color": "#00BCD4",
      "parent": 9,
      "game_world": 1,
      "created_at": "2025-09-24T14:58:24.186615Z",
      "updated_at": "2025-09-24T14:58:24.186615Z"
    }
  },
  {
    "model": "user.user",
    "pk": 1,
    "fields": {
      "uuid": "0aa3d833-1c14-4df3-bd4c-0049e7d5fa00",
      "username": "candidate_user",
      "email": "candidate@example.com",
      "first_name": "Иван",
      "last_name": "Иванов",
      "middle_name": "Иванович",
      "password": "pbkdf2_sha256$260000$fake$hashedpassword",
      "is_superuser": false,
      "is_staff": false,
      "is_active": true
    }
  },
  {
    "model": "user.character",
    "pk": 1,
    "fields": {
      "uuid": "f9a2e719-511e-43dc-9a79-bbb10b1e48f1",
      "avatar": null,
      "currency": 0,
      "is_active": true,
      "role": "CANDIDATE",
      "user": 1,
      "game_world": 1,
      "created_at": "2025-09-24T14:58:24.186615Z",
      "updated_at": "2025-09-24T14:58:24.186615Z"
    }
  },
  {
    "model": "user.user",
    "pk": 2,
    "fields": {
      "uuid": "3b8fa420-94de-4cf4-b3df-8d91444cbd4d",
      "username": "employee_user",
      "email": "employee@example.com",
      "first_name": "Петр",
      "last_name": "Петров",
      "middle_name": "Петрович",
      "password": "pbkdf2_sha256$260000$fake$hashedpassword",
      "is_superuser": false,
      "is_staff": false,
      "is_active": true
    }
  },
  {
    "model": "user.character",
    "pk": 2,
    "fields": {
      "uuid": "73541653-c741-45e4-886c-51fcf8ac29fd",
      "avatar": null,
      "currency": 0,
      "is_active": true,
      "role": "EMPLOYEE",
      "user": 2,
      "game_world": 1,
      "created_at": "2025-09-24T14:58:24.186615Z",
      "updated_at": "2025-09-24T14:58:24.186615Z"
    }
  },
  {
    "model": "user.user",
    "pk": 3,
    "fields": {
      "uuid": "d281671b-e758-4cf7-8e71-3a289c88b6b7",
      "username": "manager_user",
      "email": "manager@example.com",
      "first_name": "Сергей",
      "last_name": "Сергеев",
      "middle_name": "Сергеевич",
      "password": "pbkdf2_sha256$260000$fake$hashedpassword",
      "is_superuser": false,
      "is_staff": false,
      "is_active": true
    }
  },
  {
    "model": "user.character",
    "pk": 3,
    "fields": {
      "uuid": "0dc30ae7-0ba9-4d5f-a3ce-865c59d94e67",
      "avatar": null,
      "currency": 0,
      "is_active": true,
      "role": "MANAGER",
      "user": 3,
      "game_world": 1,
      "created_at": "2025-09-24T14:58:24.186615Z",
      "updated_at": "2025-09-24T14:58:24.186615Z"
    }
  },
  {
    "model": "user.user",
    "pk": 4,
    "fields": {
      "uuid": "bfc8234a-e1e2-4ed7-8781-84e6acb1b8fc",
      "username": "content_manager_user",
      "email": "content@example.com",
      "first_name": "Анна",
      "last_name": "Контентова",
      "middle_name": "Андреевна",
      "password": "pbkdf2_sha256$260000$fake$hashedpassword",
      "is_superuser": false,
      "is_staff": false,
      "is_active": true
    }
  },
  {
    "model": "user.character",
    "pk": 4,
    "fields": {
      "uuid": "5f5d0389-6dfc-4bfa-89cb-e3d7f312a4c6",
      "avatar": null,
      "currency": 0,
      "is_active": true,
      "role": "CONTENT_MANAGER",
      "user": 4,
      "game_world": 1,
      "created_at": "2025-09-24T14:58:24.186615Z",
      "updated_at": "2025-09-24T14:58:24.186615Z"
    }
  },
  {
    "model": "user.user",
    "pk": 5,
    "fields": {
      "uuid": "9b84a9d3-8027-48f5-9282-bc41ae7a46ef",
      "username": "hr_user",
      "email": "hr@example.com",
      "first_name": "Мария",
      "last_name": "Рекрутова",
      "middle_name": "Игоревна",
      "password": "pbkdf2_sha256$260000$fake$hashedpassword",
      "is_superuser": false,
      "is_staff": false,
      "is_active": true
    }
  },
  {
    "model": "user.character",
    "pk": 5,
    "fields": {
      "uuid": "08782a5f-b8f9-45a2-a1a4-f98668eb91b8",
      "avatar": null,
      "currency": 0,
      "is_active": true,
      "role": "HR",
      "user": 5,
      "game_world": 1,
      "created_at": "2025-09-24T14:58:24.186615Z",
      "updated_at": "2025-09-24T14:58:24.186615Z"
    }
  },
  {
    "model": "user.user",
    "pk": 6,
    "fields": {
      "uuid": "65fc6ff7-dca3-4264-a8d0-b46c21704b2d",
      "username": "organizer_user",
      "email": "organizer@example.com",
      "first_name": "Ольга",
      "last_name": "Организаторова",
      "middle_name": "Валерьевна",
      "password": "pbkdf2_sha256$260000$fake$hashedpassword",
      "is_superuser": false,
      "is_staff": false,
      "is_active": true
    }
  },
  {
    "model": "user.character",
    "pk": 6,
    "fields": {
      "uuid": "e248f0cc-bd33-44f9-b6ee-548045426fa5",
      "avatar": null,
      "currency": 0,
      "is_active": true,
      "role": "ORGANIZER",
      "user": 6,
      "game_world": 1,
      "created_at": "2025-09-24T14:58:24.186615Z",
      "updated_at": "2025-09-24T14:58:24.186615Z"
    }
  },
  {
    "model": "user.user",
    "pk": 7,
    "fields": {
      "uuid": "3549e5df-14b7-4699-9e64-6d5c4c99d1cf",
      "username": "admin_user",
      "email": "admin@example.com",
      "first_name": "Админ",
      "last_name": "Системов",
      "middle_name": "Петрович",
      "password": "pbkdf2_sha256$260000$fake$hashedpassword",
      "is_superuser": true,
      "is_staff": true,
      "is_active": true
    }
  },
  {
    "model": "user.character",
    "pk": 7,
    "fields": {
      "uuid": "5dcfb444-cc3a-44cb-8bcd-d07a3d5a1e36",
      "avatar": null,
      "currency": 0,
      "is_active": true,
      "role": "ADMIN",
      "user": 7,
      "game_world": 1,
      "created_at": "2025-09-24T14:58:24.186615Z",
      "updated_at": "2025-09-24T14:58:24.186615Z"
    }
  },
  {
    "model": "communication.topic",
    "pk": 1,
    "fields": {
      "uuid": "9a7f2c98-1c45-4df5-8d9b-3fd6ac2e4f10",
      "name": "Новости организации",
      "icon": null,
      "color": "#FF5733",
      "created_at": "2025-01-01T10:00:00Z",
      "updated_at": "2025-01-01T10:00:00Z"
    }
  },
  {
    "model": "communication.topic",
    "pk": 2,
    "fields": {
      "uuid": "dd4450d2-238d-4639-81db-81cbf96453a9",
      "name": "Внутренние объявления",
      "icon": null,
      "color": "#33C3FF",
      "created_at": "2025-01-02T11:00:00Z",
      "updated_at": "2025-01-02T11:00:00Z"
    }
  },
  {
    "model": "communication.topic",
    "pk": 3,
    "fields": {
      "uuid": "2c676afe-18ef-4cf7-b3ce-13a1f5d58d83",
      "name": "Советы новичкам",
      "icon": null,
      "color": "#8DFF33",
      "created_at": "2025-01-03T12:00:00Z",
      "updated_at": "2025-01-03T12:00:00Z"
    }
  },
  {
    "model": "communication.topic",
    "pk": 4,
    "fields": {
      "uuid": "ad203c58-b962-4e9f-b8d7-fb6aeed5789f",
      "name": "Технические обновления",
      "icon": null,
      "color": "#FF33F6",
      "created_at": "2025-01-04T13:00:00Z",
      "updated_at": "2025-01-04T13:00:00Z"
    }
  },
  {
    "model": "communication.topic",
    "pk": 5,
    "fields": {
      "uuid": "c835f3f9-6dcf-4e2a-96e1-e6b08669a8e4",
      "name": "Мероприятия и ивенты",
      "icon": null,
      "color": "#33FFBA",
      "created_at": "2025-01-05T14:00:00Z",
      "updated_at": "2025-01-05T14:00:00Z"
    }
  },
  {
    "model": "communication.topic_game_worlds",
    "pk": 1,
    "fields": {
      "topic_id": 1,
      "gameworld_id": 1
    }
  },
  {
    "model": "communication.topic_game_worlds",
    "pk": 2,
    "fields": {
      "topic_id": 2,
      "gameworld_id": 1
    }
  },
  {
    "model": "communication.topic_game_worlds",
    "pk": 3,
    "fields": {
      "topic_id": 3,
      "gameworld_id": 1
    }
  },
  {
    "model": "communication.topic_game_worlds",
    "pk": 4,
    "fields": {
      "topic_id": 4,
      "gameworld_id": 1
    }
  },
  {
    "model": "communication.topic_game_worlds",
    "pk": 5,
    "fields": {
      "topic_id": 5,
      "gameworld_id": 1
    }
  },
  {
    "model": "communication.post",
    "pk": 1,
    "fields": {
      "uuid": "7ad05c95-d3ab-453b-9054-65b13a0c5f1a",
      "image": null,
      "name": "Добро пожаловать в новую эру!",
      "text": "Мы официально открылись и рады видеть всех участников!",
      "character": 4,
      "topic": 1,
      "created_at": "2025-01-06T09:00:00Z",
      "updated_at": "2025-01-06T09:00:00Z"
    }
  },
  {
    "model": "communication.post",
    "pk": 2,
    "fields": {
      "uuid": "fc94f991-4e38-4d3e-8591-b67203781c4a",
      "image": null,
      "name": "Изменения в структуре отделов",
      "text": "Утверждена новая иерархия внутри команды.",
      "character": 4,
      "topic": 1,
      "created_at": "2025-01-07T10:00:00Z",
      "updated_at": "2025-01-07T10:00:00Z"
    }
  },
  {
    "model": "communication.post",
    "pk": 3,
    "fields": {
      "uuid": "b39e4b2b-6492-4080-b62c-c6fd06075e4f",
      "image": null,
      "name": "Расписание собраний",
      "text": "Собрания теперь будут проходить каждый понедельник в 20:00.",
      "character": 4,
      "topic": 2,
      "created_at": "2025-01-08T11:00:00Z",
      "updated_at": "2025-01-08T11:00:00Z"
    }
  },
  {
    "model": "communication.post",
    "pk": 4,
    "fields": {
      "uuid": "d2a978f7-589d-4ab2-8262-99dc9fa8a515",
      "image": null,
      "name": "Полезные команды в чате",
      "text": "Вот список команд, которые помогут вам ориентироваться.",
      "character": 4,
      "topic": 3,
      "created_at": "2025-01-09T12:00:00Z",
      "updated_at": "2025-01-09T12:00:00Z"
    }
  },
  {
    "model": "communication.post",
    "pk": 5,
    "fields": {
      "uuid": "81b90bcd-3ef9-44a5-873e-c7b2aa032d6b",
      "image": null,
      "name": "Как присоединиться к ивенту",
      "text": "Инструкция по участию в ближайших мероприятиях.",
      "character": 4,
      "topic": 5,
      "created_at": "2025-01-10T13:00:00Z",
      "updated_at": "2025-01-10T13:00:00Z"
    }
  },
  {
    "model": "communication.post",
    "pk": 6,
    "fields": {
      "uuid": "f2d2f5df-f1dc-4327-b5e3-d2d98913a5a7",
      "image": null,
      "name": "Обновление сервера",
      "text": "Сегодня был установлен новый патч с исправлениями.",
      "character": 4,
      "topic": 4,
      "created_at": "2025-01-11T14:00:00Z",
      "updated_at": "2025-01-11T14:00:00Z"
    }
  },
  {
    "model": "communication.post",
    "pk": 7,
    "fields": {
      "uuid": "6ecdfabb-1b71-4a56-a694-77d7e21fa842",
      "image": null,
      "name": "Список изменений",
      "text": "Внесены следующие изменения в баланс персонажей...",
      "character": 4,
      "topic": 4,
      "created_at": "2025-01-12T15:00:00Z",
      "updated_at": "2025-01-12T15:00:00Z"
    }
  },
  {
    "model": "communication.post",
    "pk": 8,
    "fields": {
      "uuid": "7b33b086-eaf9-4af0-8328-83946df23ef4",
      "image": null,
      "name": "Советы по выживанию",
      "text": "Никогда не забудьте взять еду перед выходом в зону!",
      "character": 4,
      "topic": 3,
      "created_at": "2025-01-13T16:00:00Z",
      "updated_at": "2025-01-13T16:00:00Z"
    }
  },
  {
    "model": "communication.post",
    "pk": 9,
    "fields": {
      "uuid": "885e9c64-cc53-4d66-bb2f-70ea7f147b4b",
      "image": null,
      "name": "Результаты последнего ивента",
      "text": "Поздравляем победителей и благодарим всех участников!",
      "character": 4,
      "topic": 5,
      "created_at": "2025-01-14T17:00:00Z",
      "updated_at": "2025-01-14T17:00:00Z"
    }
  },
  {
    "model": "communication.post",
    "pk": 10,
    "fields": {
      "uuid": "8c9fc31f-98ef-4f69-937e-1c1e3cd89b57",
      "image": null,
      "name": "Новый отдел логистики",
      "text": "Создан новый отдел, отвечающий за снабжение базы.",
      "character": 4,
      "topic": 2,
      "created_at": "2025-01-15T18:00:00Z",
      "updated_at": "2025-01-15T18:00:00Z"
    }
  },
  {
    "model": "game_mechanics.Competency",
    "pk": 1,
    "fields": {
      "uuid": "a1b2c3d4-e5f6-7890-abcd-ef1234567001",
      "name": "Вера в дело 1",
      "description": "Базовая уверенность в правильности выбранного пути",
      "required_experience": 50,
      "color": "#4CAF50",
      "icon": null,
      "parent": null,
      "game_world": 1,
      "created_at": "2025-09-24T14:58:24.186615+00:00",
      "updated_at": "2025-09-24T14:58:24.186615+00:00"
    }
  },
  {
    "model": "game_mechanics.Competency",
    "pk": 2,
    "fields": {
      "uuid": "a1b2c3d4-e5f6-7890-abcd-ef1234567002",
      "name": "Вера в дело 2",
      "description": "Углубленная уверенность и преданность выбранному делу",
      "required_experience": 100,
      "color": "#388E3C",
      "icon": null,
      "parent": 1,
      "game_world": 1,
      "created_at": "2025-09-24T14:58:24.186615+00:00",
      "updated_at": "2025-09-24T14:58:24.186615+00:00"
    }
  },
  {
    "model": "game_mechanics.Competency",
    "pk": 3,
    "fields": {
      "uuid": "a1b2c3d4-e5f6-7890-abcd-ef1234567003",
      "name": "Стремление к большему 1",
      "description": "Базовое желание развиваться и достигать новых высот",
      "required_experience": 75,
      "color": "#2196F3",
      "icon": null,
      "parent": null,
      "game_world": 1,
      "created_at": "2025-09-24T14:58:24.186615+00:00",
      "updated_at": "2025-09-24T14:58:24.186615+00:00"
    }
  },
  {
    "model": "game_mechanics.Competency",
    "pk": 4,
    "fields": {
      "uuid": "a1b2c3d4-e5f6-7890-abcd-ef1234567004",
      "name": "Стремление к большему 2",
      "description": "Сильная мотивация к постоянному совершенствованию",
      "required_experience": 150,
      "color": "#1976D2",
      "icon": null,
      "parent": 3,
      "game_world": 1,
      "created_at": "2025-09-24T14:58:24.186615+00:00",
      "updated_at": "2025-09-24T14:58:24.186615+00:00"
    }
  },
  {
    "model": "game_mechanics.Competency",
    "pk": 5,
    "fields": {
      "uuid": "a1b2c3d4-e5f6-7890-abcd-ef1234567005",
      "name": "Общение 1",
      "description": "Базовые навыки коммуникации с другими людьми",
      "required_experience": 60,
      "color": "#FF9800",
      "icon": null,
      "parent": null,
      "game_world": 1,
      "created_at": "2025-09-24T14:58:24.186615+00:00",
      "updated_at": "2025-09-24T14:58:24.186615+00:00"
    }
  },
  {
    "model": "game_mechanics.Competency",
    "pk": 6,
    "fields": {
      "uuid": "a1b2c3d4-e5f6-7890-abcd-ef1234567006",
      "name": "Общение 2",
      "description": "Продвинутые навыки ведения переговоров и публичных выступлений",
      "required_experience": 120,
      "color": "#F57C00",
      "icon": null,
      "parent": 5,
      "game_world": 1,
      "created_at": "2025-09-24T14:58:24.186615+00:00",
      "updated_at": "2025-09-24T14:58:24.186615+00:00"
    }
  },
  {
    "model": "game_mechanics.Competency",
    "pk": 7,
    "fields": {
      "uuid": "a1b2c3d4-e5f6-7890-abcd-ef1234567007",
      "name": "Аналитика 1",
      "description": "Базовые навыки анализа информации и принятия решений",
      "required_experience": 120,
      "color": "#9C27B0",
      "icon": null,
      "parent": null,
      "game_world": 1,
      "created_at": "2025-09-24T14:58:24.186615+00:00",
      "updated_at": "2025-09-24T14:58:24.186615+00:00"
    }
  },
  {
    "model": "game_mechanics.Competency",
    "pk": 8,
    "fields": {
      "uuid": "a1b2c3d4-e5f6-7890-abcd-ef1234567008",
      "name": "Аналитика 2",
      "description": "Продвинутый анализ данных и стратегическое мышление",
      "required_experience": 240,
      "color": "#7B1FA2",
      "icon": null,
      "parent": 7,
      "game_world": 1,
      "created_at": "2025-09-24T14:58:24.186615+00:00",
      "updated_at": "2025-09-24T14:58:24.186615+00:00"
    }
  },
  {
    "model": "game_mechanics.Competency",
    "pk": 9,
    "fields": {
      "uuid": "a1b2c3d4-e5f6-7890-abcd-ef1234567009",
      "name": "Командование 1",
      "description": "Базовые навыки управления командой",
      "required_experience": 200,
      "color": "#F44336",
      "icon": null,
      "parent": null,
      "game_world": 1,
      "created_at": "2025-09-24T14:58:24.186615+00:00",
      "updated_at": "2025-09-24T14:58:24.186615+00:00"
    }
  },
  {
    "model": "game_mechanics.Competency",
    "pk": 10,
    "fields": {
      "uuid": "a1b2c3d4-e5f6-7890-abcd-ef1234567010",
      "name": "Командование 2",
      "description": "Продвинутое лидерство и управление крупными проектами",
      "required_experience": 400,
      "color": "#D32F2F",
      "icon": null,
      "parent": 9,
      "game_world": 1,
      "created_at": "2025-09-24T14:58:24.186615+00:00",
      "updated_at": "2025-09-24T14:58:24.186615+00:00"
    }
  },
  {
    "model": "game_mechanics.Competency",
    "pk": 11,
    "fields": {
      "uuid": "a1b2c3d4-e5f6-7890-abcd-ef1234567011",
      "name": "Юриспруденция 1",
      "description": "Базовые знания правовых норм и законодательства",
      "required_experience": 100,
      "color": "#3F51B5",
      "icon": null,
      "parent": null,
      "game_world": 1,
      "created_at": "2025-09-24T14:58:24.186615+00:00",
      "updated_at": "2025-09-24T14:58:24.186615+00:00"
    }
  },
  {
    "model": "game_mechanics.Competency",
    "pk": 12,
    "fields": {
      "uuid": "a1b2c3d4-e5f6-7890-abcd-ef1234567012",
      "name": "Юриспруденция 2",
      "description": "Продвинутые знания юриспруденции и судебной практики",
      "required_experience": 200,
      "color": "#303F9F",
      "icon": null,
      "parent": 11,
      "game_world": 1,
      "created_at": "2025-09-24T14:58:24.186615+00:00",
      "updated_at": "2025-09-24T14:58:24.186615+00:00"
    }
  },
  {
    "model": "game_mechanics.Competency",
    "pk": 13,
    "fields": {
      "uuid": "a1b2c3d4-e5f6-7890-abcd-ef1234567013",
      "name": "Трёхмерное мышление 1",
      "description": "Базовые навыки пространственного мышления",
      "required_experience": 180,
      "color": "#009688",
      "icon": null,
      "parent": null,
      "game_world": 1,
      "created_at": "2025-09-24T14:58:24.186615+00:00",
      "updated_at": "2025-09-24T14:58:24.186615+00:00"
    }
  },
  {
    "model": "game_mechanics.Competency",
    "pk": 14,
    "fields": {
      "uuid": "a1b2c3d4-e5f6-7890-abcd-ef1234567014",
      "name": "Трёхмерное мышление 2",
      "description": "Продвинутое проектирование в трёхмерном пространстве",
      "required_experience": 360,
      "color": "#00796B",
      "icon": null,
      "parent": 13,
      "game_world": 1,
      "created_at": "2025-09-24T14:58:24.186615+00:00",
      "updated_at": "2025-09-24T14:58:24.186615+00:00"
    }
  },
  {
    "model": "game_mechanics.Competency",
    "pk": 15,
    "fields": {
      "uuid": "a1b2c3d4-e5f6-7890-abcd-ef1234567015",
      "name": "Базовая экономика 1",
      "description": "Основные понятия экономики и финансов",
      "required_experience": 90,
      "color": "#795548",
      "icon": null,
      "parent": null,
      "game_world": 1,
      "created_at": "2025-09-24T14:58:24.186615+00:00",
      "updated_at": "2025-09-24T14:58:24.186615+00:00"
    }
  },
  {
    "model": "game_mechanics.Competency",
    "pk": 16,
    "fields": {
      "uuid": "a1b2c3d4-e5f6-7890-abcd-ef1234567016",
      "name": "Базовая экономика 2",
      "description": "Продвинутые экономические модели и анализ рынков",
      "required_experience": 180,
      "color": "#5D4037",
      "icon": null,
      "parent": 15,
      "game_world": 1,
      "created_at": "2025-09-24T14:58:24.186615+00:00",
      "updated_at": "2025-09-24T14:58:24.186615+00:00"
    }
  },
  {
    "model": "game_mechanics.Competency",
    "pk": 17,
    "fields": {
      "uuid": "a1b2c3d4-e5f6-7890-abcd-ef1234567017",
      "name": "Основы аэронавигации 1",
      "description": "Базовые принципы навигации в воздушном пространстве",
      "required_experience": 250,
      "color": "#607D8B",
      "icon": null,
      "parent": null,
      "game_world": 1,
      "created_at": "2025-09-24T14:58:24.186615+00:00",
      "updated_at": "2025-09-24T14:58:24.186615+00:00"
    }
  },
  {
    "model": "game_mechanics.Competency",
    "pk": 18,
    "fields": {
      "uuid": "a1b2c3d4-e5f6-7890-abcd-ef1234567018",
      "name": "Основы аэронавигации 2",
      "description": "Продвинутые системы навигации и управления полетами",
      "required_experience": 500,
      "color": "#455A64",
      "icon": null,
      "parent": 17,
      "game_world": 1,
      "created_at": "2025-09-24T14:58:24.186615+00:00",
      "updated_at": "2025-09-24T14:58:24.186615+00:00"
    }
  },
  {
    "model": "game_world.GameWorld",
    "pk": 1,
    "fields": {
      "name": "Аэрокосмический Альянс",
      "description": "Игровой мир будущего, где человечество освоило межпланетные перелеты и создало масштабную космическую инфраструктуру. Игроки выступают в роли пилотов, инженеров, дипломатов и стратегов, развивающих космическую экспансию человечества. От строительства орбитальных станций до дипломатических миссий с инопланетными цивилизациями - здесь каждый найдет свой путь к звездам. Компетенции отражают ключевые навыки, необходимые для выживания и процветания в условиях космической экспансии.",
      "color": "#1a237e",
      "standard_experience": 25,
      "standard_currency": 50,
      "currency_name": "звездные кредиты",
      "created_at": "2025-09-24T14:58:24.186615+00:00",
      "updated_at": "2025-09-24T14:58:24.186615+00:00"
    }
  },
  {
    "model": "game_world.Artifact",
    "pk": 1,
    "fields": {
      "uuid": "550e8400-e29b-41d4-a716-446655440001",
      "name": "Ядро нейронного интерфейса \"Прометей\"",
      "description": "Древний, но превосходно сохранившийся чип, разработанный в первых колониальных экспедициях. Синхронизируется с кортикальной системой пилота, ускоряя обработку сенсорных данных и усвоение навыков в стрессовых ситуациях.",
      "icon": null,
      "color": "#4B0082",
      "modifier": "EXPERIENCE_GAIN",
      "modifier_value": 15,
      "game_world": 1,
      "created_at": "2025-09-24T14:58:24.186615+00:00",
      "updated_at": "2025-09-24T14:58:24.186615+00:00"
    }
  },
  {
    "model": "game_world.Artifact",
    "pk": 2,
    "fields": {
      "uuid": "550e8400-e29b-41d4-a716-446655440002",
      "name": "Голографический дневник капитана Элизы Рейн",
      "description": "Личные записи легендарного капитана-первопроходца, содержащие не только хроники открытий, но и детальный разбор тактических маневров, переговоров и инженерных решений. Позволяет учиться на ошибках и успехах великого исследователя.",
      "icon": null,
      "color": "#FFD700",
      "modifier": "EXPERIENCE_GAIN",
      "modifier_value": 10,
      "game_world": 1,
      "created_at": "2025-09-24T14:58:24.186615+00:00",
      "updated_at": "2025-09-24T14:58:24.186615+00:00"
    }
  },
  {
    "model": "game_world.Artifact",
    "pk": 3,
    "fields": {
      "uuid": "550e8400-e29b-41d4-a716-446655440003",
      "name": "Кристалл памяти Кс'арратхов",
      "description": "Артефакт загадочной инопланетной расы Кс'арратхов, способный хранить и передавать ментальные импринты навыков. При контакте дарует пользователю фрагменты чуждого, но невероятно продвинутого знания.",
      "icon": null,
      "color": "#00FF7F",
      "modifier": "EXPERIENCE_GAIN",
      "modifier_value": 20,
      "game_world": 1,
      "created_at": "2025-09-24T14:58:24.186615+00:00",
      "updated_at": "2025-09-24T14:58:24.186615+00:00"
    }
  },
  {
    "model": "game_world.Artifact",
    "pk": 4,
    "fields": {
      "uuid": "550e8400-e29b-41d4-a716-446655440004",
      "name": "Квантовый трейдер \"Удача Звездного Кита\"",
      "description": "Портативное устройство, использующее квантовую запутанность для анализа межпланетных бирж за доли секунды до обновления котировок. Позволяет находить самые выгодные торговые арбитражные возможности.",
      "icon": null,
      "color": "#32CD32",
      "modifier": "CURRENCY_GAIN",
      "modifier_value": 15,
      "game_world": 1,
      "created_at": "2025-09-24T14:58:24.186615+00:00",
      "updated_at": "2025-09-24T14:58:24.186615+00:00"
    }
  },
  {
    "model": "game_world.Artifact",
    "pk": 5,
    "fields": {
      "uuid": "550e8400-e29b-41d4-a716-446655440005",
      "name": "Карта тайных грузов Пояса Астероидов",
      "description": "Зашифрованная карта, ведущая к заброшенным тайникам контрабандистов и местам крушений кораблей с ценными грузами. Постоянно обновляется с учетом гравитационных сдвигов в Поясе.",
      "icon": null,
      "color": "#8B4513",
      "modifier": "CURRENCY_GAIN",
      "modifier_value": 25,
      "game_world": 1,
      "created_at": "2025-09-24T14:58:24.186615+00:00",
      "updated_at": "2025-09-24T14:58:24.186615+00:00"
    }
  },
  {
    "model": "game_world.Artifact",
    "pk": 6,
    "fields": {
      "uuid": "550e8400-e29b-41d4-a716-446655440006",
      "name": "Нано-анализатор рудных жил",
      "description": "Устройство, которое при сканировании астероида или планеты с высокой точностью определяет не только состав, но и самые богатые концентрации редких минералов, минимизируя затраты на добычу.",
      "icon": null,
      "color": "#C0C0C0",
      "modifier": "CURRENCY_GAIN",
      "modifier_value": 10,
      "game_world": 1,
      "created_at": "2025-09-24T14:58:24.186615+00:00",
      "updated_at": "2025-09-24T14:58:24.186615+00:00"
    }
  },
  {
    "model": "game_world.Artifact",
    "pk": 7,
    "fields": {
      "uuid": "550e8400-e29b-41d4-a716-446655440007",
      "name": "Дипломатическая печать Альянса \"Платина\"",
      "description": "Высшая степень доверия, выдаваемая пилотам, оказавшим неоценимые услуги Альянсу. Предоставляет доступ к закрытым правительственным аукционам и складам с передовым оборудованием по себестоимости.",
      "icon": null,
      "color": "#E5E4E2",
      "modifier": "SHOP_DISCOUNT",
      "modifier_value": 20,
      "game_world": 1,
      "created_at": "2025-09-24T14:58:24.186615+00:00",
      "updated_at": "2025-09-24T14:58:24.186615+00:00"
    }
  },
  {
    "model": "game_world.Artifact",
    "pk": 8,
    "fields": {
      "uuid": "550e8400-e29b-41d4-a716-446655440008",
      "name": "Членская карта Гильдии торговцев \"Зеро-Г\"",
      "description": "Золотая карта элитной гильдии торговцев. Ее владельцы получают эксклюзивные скидки у всех поставщиков, аффилированных с Гильдией, по всей освоенной территории.",
      "icon": null,
      "color": "#FFDF00",
      "modifier": "SHOP_DISCOUNT",
      "modifier_value": 15,
      "game_world": 1,
      "created_at": "2025-09-24T14:58:24.186615+00:00",
      "updated_at": "2025-09-24T14:58:24.186615+00:00"
    }
  },
  {
    "model": "game_world.Artifact",
    "pk": 9,
    "fields": {
      "uuid": "550e8400-e29b-41d4-a716-446655440009",
      "name": "Ключ доступа к сети \"Бартер-Сеть\"",
      "description": "Нелегальный децентрализованный чип, который подключается к теневой сети обмена между пилотами, ремонтниками и торговцами. Позволяет находить уникальные предложения и торговаться без лишних наценок.",
      "icon": null,
      "color": "#FF4500",
      "modifier": "SHOP_DISCOUNT",
      "modifier_value": 10,
      "game_world": 1,
      "created_at": "2025-09-24T14:58:24.186615+00:00",
      "updated_at": "2025-09-24T14:58:24.186615+00:00"
    }
  },
  {
    "model": "game_world.Artifact",
    "pk": 10,
    "fields": {
      "uuid": "550e8400-e29b-41d4-a716-446655440010",
      "name": "Сертификат аккредитации пилота-первопроходца",
      "description": "Официальный документ, дающий право претендовать на первопроходческие миссии по картографированию новых систем и право давать имена открытым объектам. Символ статуса и доверия Альянса.",
      "icon": null,
      "color": "#000080",
      "modifier": "DEFAULT",
      "modifier_value": 0,
      "game_world": 1,
      "created_at": "2025-09-24T14:58:24.186615+00:00",
      "updated_at": "2025-09-24T14:58:24.186615+00:00"
    }
  },
  {
    "model": "game_world.Artifact",
    "pk": 11,
    "fields": {
      "uuid": "550e8400-e29b-41d4-a716-446655440011",
      "name": "Медальон перемирия с Конкордиатом Сириуса",
      "description": "Символ дипломатического соглашения между Альянсом и могущественной инопланетной расой. Ношение медальона гарантирует безопасный проход через их пространство и доступ к их дипломатическим миссиям.",
      "icon": null,
      "color": "#9370DB",
      "modifier": "DEFAULT",
      "modifier_value": 0,
      "game_world": 1,
      "created_at": "2025-09-24T14:58:24.186615+00:00",
      "updated_at": "2025-09-24T14:58:24.186615+00:00"
    }
  },
  {
    "model": "game_world.Artifact",
    "pk": 12,
    "fields": {
      "uuid": "550e8400-e29b-41d4-a716-446655440012",
      "name": "Черный ящик корабля \"Скиталец\"",
      "description": "Разбитый бортовой самописец с корабля, бесследно исчезнувшего десятилетия назад на краю известного пространства. Его расшифровка может привести к величайшей тайне или самой большой опасности.",
      "icon": null,
      "color": "#2F4F4F",
      "modifier": "DEFAULT",
      "modifier_value": 0,
      "game_world": 1,
      "created_at": "2025-09-24T14:58:24.186615+00:00",
      "updated_at": "2025-09-24T14:58:24.186615+00:00"
    }
  },
  {
    "model": "game_world.ActivityCategory",
    "pk": 1,
    "fields": {
      "uuid": "550e8400-e29b-41d4-a716-446655440013",
      "name": "Квест",
      "description": "Последовательность заданий для новых сотрудников с целью знакомства с компанией, процессами и коллегами. Включает ориентационные мероприятия и вводные задачи.",
      "repeatability": null,
      "icon": null,
      "color": "#4CAF50",
      "created_at": "2025-01-15T10:00:00Z",
      "updated_at": "2025-01-15T10:00:00Z"
    }
  },
  {
    "model": "game_world.ActivityCategory",
    "pk": 2,
    "fields": {
      "uuid": "550e8400-e29b-41d4-a716-446655440014",
      "name": "Рекрутинг",
      "description": "Активности по привлечению и отбору кандидатов: проведение собеседований, оценка навыков, участие в карьерных мероприятиях и работа с кандидатами.",
      "repeatability": null,
      "icon": null,
      "color": "#2196F3",
      "created_at": "2025-01-15T10:00:00Z",
      "updated_at": "2025-01-15T10:00:00Z"
    }
  },
  {
    "model": "game_world.ActivityCategory",
    "pk": 3,
    "fields": {
      "uuid": "550e8400-e29b-41d4-a716-446655440015",
      "name": "Лекторий",
      "description": "Проведение обучающих мероприятий: внутренние воркшопы, мастер-классы, презентации знаний и менторские сессии для развития сотрудников.",
      "repeatability": null,
      "icon": null,
      "color": "#FF9800",
      "created_at": "2025-01-15T10:00:00Z",
      "updated_at": "2025-01-15T10:00:00Z"
    }
  },
  {
    "model": "game_world.ActivityCategory",
    "pk": 4,
    "fields": {
      "uuid": "550e8400-e29b-41d4-a716-446655440016",
      "name": "Симулятор",
      "description": "Практические упражнения и ролевые игры для отработки рабочих ситуаций: имитация собеседований, переговоров и рабочих процессов.",
      "repeatability": null,
      "icon": null,
      "color": "#9C27B0",
      "created_at": "2025-01-15T10:00:00Z",
      "updated_at": "2025-01-15T10:00:00Z"
    }
  },
  {
    "model": "game_world.ActivityCategory",
    "pk": 5,
    "fields": {
      "uuid": "550e8400-e29b-41d4-a716-446655440017",
      "name": "Адаптация",
      "description": "Активности по интеграции новых сотрудников: программа онбординга, знакомство с командой, кураторство и сопровождение в первые месяцы работы.",
      "repeatability": null,
      "icon": null,
      "color": "#00BCD4",
      "created_at": "2025-01-15T10:00:00Z",
      "updated_at": "2025-01-15T10:00:00Z"
    }
  },
  {
    "model": "game_world.ActivityCategory",
    "pk": 6,
    "fields": {
      "uuid": "550e8400-e29b-41d4-a716-446655440018",
      "name": "Оценка",
      "description": "Проведение оценочных мероприятий: ассессмент-центры, оценка компетенций, обратная связь по результатам работы и карьерные консультации.",
      "repeatability": null,
      "icon": null,
      "color": "#F44336",
      "created_at": "2025-01-15T10:00:00Z",
      "updated_at": "2025-01-15T10:00:00Z"
    }
  },
  {
    "model": "game_world.ActivityCategory",
    "pk": 7,
    "fields": {
      "uuid": "550e8400-e29b-41d4-a716-446655440019",
      "name": "Развитие",
      "description": "Активности по профессиональному росту сотрудников: планирование карьеры, коучинг-сессии, участие в конференциях и обучение новым навыкам.",
      "repeatability": null,
      "icon": null,
      "color": "#673AB7",
      "created_at": "2025-01-15T10:00:00Z",
      "updated_at": "2025-01-15T10:00:00Z"
    }
  },
  {
    "model": "game_world.ActivityCategory",
    "pk": 8,
    "fields": {
      "uuid": "550e8400-e29b-41d4-a716-446655440020",
      "name": "Тимбилдинг",
      "description": "Мероприятия по укреплению командного духа: корпоративные события, тим-тренинги, совместные проекты и неформальные встречи команды.",
      "repeatability": null,
      "icon": null,
      "color": "#E91E63",
      "created_at": "2025-01-15T10:00:00Z",
      "updated_at": "2025-01-15T10:00:00Z"
    }
  },
  {
    "model": "game_world.ActivityCategory",
    "pk": 9,
    "fields": {
      "uuid": "550e8400-e29b-41d4-a716-446655440021",
      "name": "Бренд работодателя",
      "description": "Активности по укреплению HR-бренда: участие в днях карьеры, создание контента о компании, работа с соцсетями и отзовиками.",
      "repeatability": null,
      "icon": null,
      "color": "#795548",
      "created_at": "2025-01-15T10:00:00Z",
      "updated_at": "2025-01-15T10:00:00Z"
    }
  },
  {
    "model": "game_world.ActivityCategory",
    "pk": 10,
    "fields": {
      "uuid": "550e8400-e29b-41d4-a716-446655440022",
      "name": "Процессы и аналитика",
      "description": "Работа над улучшением HR-процессов: анализ метрик, оптимизация процедур, автоматизация задач и разработка HR-инструментов.",
      "repeatability": null,
      "icon": null,
      "color": "#607D8B",
      "created_at": "2025-01-15T10:00:00Z",
      "updated_at": "2025-01-15T10:00:00Z"
    }
  },
  {
    "model": "game_world.MissionLevel",
    "pk": 1,
    "fields": {
      "uuid": "550e8400-e29b-41d4-a716-446655440023",
      "name": "Простой",
      "description": "Базовые задачи для новичков. Не требуют специальных навыков и занимают мало времени.",
      "icon": null,
      "color": "#4CAF50",
      "multiplier_experience": 100,
      "multiplier_currency": 100,
      "created_at": "2025-01-15T10:00:00Z",
      "updated_at": "2025-01-15T10:00:00Z"
    }
  },
  {
    "model": "game_world.MissionLevel",
    "pk": 2,
    "fields": {
      "uuid": "550e8400-e29b-41d4-a716-446655440024",
      "name": "Средний",
      "description": "Задачи средней сложности. Требуют некоторых знаний и опыта, время выполнения умеренное.",
      "icon": null,
      "color": "#2196F3",
      "multiplier_experience": 150,
      "multiplier_currency": 150,
      "created_at": "2025-01-15T10:00:00Z",
      "updated_at": "2025-01-15T10:00:00Z"
    }
  },
  {
    "model": "game_world.MissionLevel",
    "pk": 3,
    "fields": {
      "uuid": "550e8400-e29b-41d4-a716-446655440025",
      "name": "Сложный",
      "description": "Серьёзные задачи, требующие профессиональных навыков. Занимают значительное время и усилия.",
      "icon": null,
      "color": "#FF9800",
      "multiplier_experience": 250,
      "multiplier_currency": 250,
      "created_at": "2025-01-15T10:00:00Z",
      "updated_at": "2025-01-15T10:00:00Z"
    }
  },
  {
    "model": "game_world.MissionLevel",
    "pk": 4,
    "fields": {
      "uuid": "550e8400-e29b-41d4-a716-446655440026",
      "name": "Экспертный",
      "description": "Задачи высшего уровня сложности. Требуют экспертных знаний и могут занимать несколько дней.",
      "icon": null,
      "color": "#F44336",
      "multiplier_experience": 400,
      "multiplier_currency": 400,
      "created_at": "2025-01-15T10:00:00Z",
      "updated_at": "2025-01-15T10:00:00Z"
    }
  },
  {
    "model": "game_world.MissionLevel",
    "pk": 5,
    "fields": {
      "uuid": "550e8400-e29b-41d4-a716-446655440027",
      "name": "Легендарный",
      "description": "Исключительно сложные миссии, доступные только лучшим из лучших. Требуют максимальной отдачи и специализированных навыков.",
      "icon": null,
      "color": "#9C27B0",
      "multiplier_experience": 600,
      "multiplier_currency": 600,
      "created_at": "2025-01-15T10:00:00Z",
      "updated_at": "2025-01-15T10:00:00Z"
    }
  },
  {
    "model": "game_world.Event",
    "pk": 1,
    "fields": {
      "uuid": "550e8400-e29b-41d4-a716-446655440028",
      "name": "День открытых дверей для кандидатов",
      "description": "Организация и проведение дня открытых дверей для потенциальных кандидатов. Включает презентацию компании, экскурсию по офису и неформальное общение с командой.",
      "experience": 200,
      "icon": null,
      "color": "#4CAF50",
      "currency": 150,
      "required_number": 5,
      "is_active": true,
      "start_datetime": "2025-10-15T10:00:00Z",
      "time_to_complete": 7,
      "category": 9,
      "rank": 2,
      "mentor": null,
      "game_world": 1,
      "created_at": "2025-01-15T10:00:00Z",
      "updated_at": "2025-01-15T10:00:00Z"
    }
  },
  {
    "model": "game_world.Event",
    "pk": 2,
    "fields": {
      "uuid": "550e8400-e29b-41d4-a716-446655440029",
      "name": "Серия мастер-классов по проведению собеседований",
      "description": "Цикл обучающих мероприятий для сотрудников, участвующих в процессе рекрутинга. Практические занятия по техникам интервью и оценке кандидатов.",
      "experience": 350,
      "icon": null,
      "color": "#2196F3",
      "currency": 250,
      "required_number": 8,
      "is_active": true,
      "start_datetime": "2025-10-20T14:00:00Z",
      "time_to_complete": 14,
      "category": 3,
      "rank": 3,
      "mentor": null,
      "game_world": 1,
      "created_at": "2025-01-15T10:00:00Z",
      "updated_at": "2025-01-15T10:00:00Z"
    }
  },
  {
    "model": "game_world.Event",
    "pk": 3,
    "fields": {
      "uuid": "550e8400-e29b-41d4-a716-446655440030",
      "name": "Неделя адаптации новых сотрудников",
      "description": "Комплекс мероприятий по интеграции новых членов команды: воркшопы, знакомство с процессами, менторские сессии и тимбилдинг.",
      "experience": 150,
      "icon": null,
      "color": "#00BCD4",
      "currency": 100,
      "required_number": 10,
      "is_active": true,
      "start_datetime": "2025-11-01T09:00:00Z",
      "time_to_complete": 5,
      "category": 5,
      "rank": 1,
      "mentor": null,
      "game_world": 1,
      "created_at": "2025-01-15T10:00:00Z",
      "updated_at": "2025-01-15T10:00:00Z"
    }
  },
  {
    "model": "game_world.Event",
    "pk": 4,
    "fields": {
      "uuid": "550e8400-e29b-41d4-a716-446655440031",
      "name": "HR-аналитика: сбор и обработка метрик отбора",
      "description": "Масштабный проект по анализу эффективности рекрутинговых процессов. Сбор данных, построение отчетов и выработка рекомендаций по оптимизации.",
      "experience": 600,
      "icon": null,
      "color": "#607D8B",
      "currency": 400,
      "required_number": 3,
      "is_active": true,
      "start_datetime": "2025-11-10T11:00:00Z",
      "time_to_complete": 21,
      "category": 10,
      "rank": 4,
      "mentor": null,
      "game_world": 1,
      "created_at": "2025-01-15T10:00:00Z",
      "updated_at": "2025-01-15T10:00:00Z"
    }
  },
  {
    "model": "game_world.EventArtifact",
    "pk": 1,
    "fields": {
      "uuid": "550e8400-e29b-41d4-a716-446655440032",
      "event": 1,
      "artifact": 2,
      "created_at": "2025-01-15T10:00:00Z",
      "updated_at": "2025-01-15T10:00:00Z"
    }
  },
  {
    "model": "game_world.EventArtifact",
    "pk": 2,
    "fields": {
      "uuid": "550e8400-e29b-41d4-a716-446655440033",
      "event": 2,
      "artifact": 1,
      "created_at": "2025-01-15T10:00:00Z",
      "updated_at": "2025-01-15T10:00:00Z"
    }
  },
  {
    "model": "game_world.EventArtifact",
    "pk": 3,
    "fields": {
      "uuid": "550e8400-e29b-41d4-a716-446655440034",
      "event": 4,
      "artifact": 3,
      "created_at": "2025-01-15T10:00:00Z",
      "updated_at": "2025-01-15T10:00:00Z"
    }
  },
  {
    "model": "game_world.EventCompetency",
    "pk": 1,
    "fields": {
      "uuid": "550e8400-e29b-41d4-a716-446655440035",
      "event": 1,
      "competency": 5,
      "experience": 25,
      "created_at": "2025-01-15T10:00:00Z",
      "updated_at": "2025-01-15T10:00:00Z"
    }
  },
  {
    "model": "game_world.EventCompetency",
    "pk": 2,
    "fields": {
      "uuid": "550e8400-e29b-41d4-a716-446655440036",
      "event": 1,
      "competency": 9,
      "experience": 20,
      "created_at": "2025-01-15T10:00:00Z",
      "updated_at": "2025-01-15T10:00:00Z"
    }
  },
  {
    "model": "game_world.EventCompetency",
    "pk": 3,
    "fields": {
      "uuid": "550e8400-e29b-41d4-a716-446655440037",
      "event": 2,
      "competency": 5,
      "experience": 30,
      "created_at": "2025-01-15T10:00:00Z",
      "updated_at": "2025-01-15T10:00:00Z"
    }
  },
  {
    "model": "game_world.EventCompetency",
    "pk": 4,
    "fields": {
      "uuid": "550e8400-e29b-41d4-a716-446655440038",
      "event": 2,
      "competency": 7,
      "experience": 35,
      "created_at": "2025-01-15T10:00:00Z",
      "updated_at": "2025-01-15T10:00:00Z"
    }
  },
  {
    "model": "game_world.EventCompetency",
    "pk": 5,
    "fields": {
      "uuid": "550e8400-e29b-41d4-a716-446655440039",
      "event": 3,
      "competency": 1,
      "experience": 20,
      "created_at": "2025-01-15T10:00:00Z",
      "updated_at": "2025-01-15T10:00:00Z"
    }
  },
  {
    "model": "game_world.EventCompetency",
    "pk": 6,
    "fields": {
      "uuid": "550e8400-e29b-41d4-a716-446655440040",
      "event": 3,
      "competency": 3,
      "experience": 15,
      "created_at": "2025-01-15T10:00:00Z",
      "updated_at": "2025-01-15T10:00:00Z"
    }
  },
  {
    "model": "game_world.EventCompetency",
    "pk": 7,
    "fields": {
      "uuid": "550e8400-e29b-41d4-a716-446655440041",
      "event": 4,
      "competency": 7,
      "experience": 50,
      "created_at": "2025-01-15T10:00:00Z",
      "updated_at": "2025-01-15T10:00:00Z"
    }
  },
  {
    "model": "game_world.EventCompetency",
    "pk": 8,
    "fields": {
      "uuid": "550e8400-e29b-41d4-a716-446655440042",
      "event": 4,
      "competency": 15,
      "experience": 40,
      "created_at": "2025-01-15T10:00:00Z",
      "updated_at": "2025-01-15T10:00:00Z"
    }
  },
  {
    "model": "game_world.MissionBranch",
    "pk": 1,
    "fields": {
      "uuid": "550e8400-e29b-41d4-a716-446655440043",
      "name": "Основы рекрутинга",
      "description": "Ветка миссий для освоения базовых навыков подбора персонала: от поиска кандидатов до проведения первых собеседований.",
      "icon": null,
      "color": "#2196F3",
      "is_active": true,
      "start_datetime": null,
      "time_to_complete": 30,
      "rank": 1,
      "category": 2,
      "mentor": null,
      "game_world": 1,
      "created_at": "2025-01-15T10:00:00Z",
      "updated_at": "2025-01-15T10:00:00Z"
    }
  },
  {
    "model": "game_world.MissionBranch",
    "pk": 2,
    "fields": {
      "uuid": "550e8400-e29b-41d4-a716-446655440044",
      "name": "Адаптация и онбординг",
      "description": "Ветка миссий по интеграции новых сотрудников в компанию и созданию комфортной рабочей среды.",
      "icon": null,
      "color": "#00BCD4",
      "is_active": true,
      "start_datetime": null,
      "time_to_complete": 21,
      "rank": 2,
      "category": 5,
      "mentor": null,
      "game_world": 1,
      "created_at": "2025-01-15T10:00:00Z",
      "updated_at": "2025-01-15T10:00:00Z"
    }
  },
  {
    "model": "game_world.MissionBranch",
    "pk": 3,
    "fields": {
      "uuid": "550e8400-e29b-41d4-a716-446655440045",
      "name": "HR-бренд и коммуникации",
      "description": "Ветка миссий по развитию HR-бренда компании и улучшению внутренних коммуникаций.",
      "icon": null,
      "color": "#795548",
      "is_active": true,
      "start_datetime": null,
      "time_to_complete": 45,
      "rank": 3,
      "category": 9,
      "mentor": null,
      "game_world": 1,
      "created_at": "2025-01-15T10:00:00Z",
      "updated_at": "2025-01-15T10:00:00Z"
    }
  },
  {
    "model": "game_world.Mission",
    "pk": 1,
    "fields": {
      "uuid": "550e8400-e29b-41d4-a716-446655440046",
      "name": "Составление профиля идеального кандидата",
      "description": "Разработка детального описания требований к кандидату на конкретную позицию: hard и soft skills, опыт, личные качества.",
      "experience": 100,
      "currency": 80,
      "icon": null,
      "color": "",
      "order": 1,
      "is_key_mission": true,
      "is_active": true,
      "time_to_complete": 3,
      "branch": 1,
      "category": 2,
      "mentor": null,
      "level": 1,
      "game_world": 1,
      "created_at": "2025-01-15T10:00:00Z",
      "updated_at": "2025-01-15T10:00:00Z"
    }
  },
  {
    "model": "game_world.Mission",
    "pk": 2,
    "fields": {
      "uuid": "550e8400-e29b-41d4-a716-446655440047",
      "name": "Поиск кандидатов в профессиональных соцсетях",
      "description": "Активный поиск потенциальных кандидатов в LinkedIn и других профессиональных сетях. Составление первичного списка для контакта.",
      "experience": 120,
      "currency": 100,
      "icon": null,
      "color": "",
      "order": 2,
      "is_key_mission": false,
      "is_active": true,
      "time_to_complete": 5,
      "branch": 1,
      "category": 2,
      "mentor": null,
      "level": 1,
      "game_world": 1,
      "created_at": "2025-01-15T10:00:00Z",
      "updated_at": "2025-01-15T10:00:00Z"
    }
  },
  {
    "model": "game_world.Mission",
    "pk": 3,
    "fields": {
      "uuid": "550e8400-e29b-41d4-a716-446655440048",
      "name": "Проведение телефонного интервью",
      "description": "Организация и проведение телефонного собеседования с кандидатом. Оценка базовых компетенций и мотивации.",
      "experience": 150,
      "currency": 120,
      "icon": null,
      "color": "",
      "order": 3,
      "is_key_mission": true,
      "is_active": true,
      "time_to_complete": 2,
      "branch": 1,
      "category": 2,
      "mentor": null,
      "level": 2,
      "game_world": 1,
      "created_at": "2025-01-15T10:00:00Z",
      "updated_at": "2025-01-15T10:00:00Z"
    }
  },
  {
    "model": "game_world.Mission",
    "pk": 4,
    "fields": {
      "uuid": "550e8400-e29b-41d4-a716-446655440049",
      "name": "Подготовка welcome-пакета для новичка",
      "description": "Сбор всей необходимой информации и материалов для нового сотрудника: доступы, документация, контакты, сувенирная продукция.",
      "experience": 80,
      "currency": 60,
      "icon": null,
      "color": "",
      "order": 1,
      "is_key_mission": true,
      "is_active": true,
      "time_to_complete": 2,
      "branch": 2,
      "category": 5,
      "mentor": null,
      "level": 1,
      "game_world": 1,
      "created_at": "2025-01-15T10:00:00Z",
      "updated_at": "2025-01-15T10:00:00Z"
    }
  },
  {
    "model": "game_world.Mission",
    "pk": 5,
    "fields": {
      "uuid": "550e8400-e29b-41d4-a716-446655440050",
      "name": "Проведение ознакомительной экскурсии",
      "description": "Организация экскурсии по офису для нового сотрудника, знакомство с коллегами и рабочими зонами.",
      "experience": 60,
      "currency": 50,
      "icon": null,
      "color": "",
      "order": 2,
      "is_key_mission": false,
      "is_active": true,
      "time_to_complete": 1,
      "branch": 2,
      "category": 5,
      "mentor": null,
      "level": 1,
      "game_world": 1,
      "created_at": "2025-01-15T10:00:00Z",
      "updated_at": "2025-01-15T10:00:00Z"
    }
  },
  {
    "model": "game_world.Mission",
    "pk": 6,
    "fields": {
      "uuid": "550e8400-e29b-41d4-a716-446655440051",
      "name": "Написание отзыва о компании на порталах",
      "description": "Создание качественного и информативного отзыва о работе в компании на популярных порталах для работодателей.",
      "experience": 90,
      "currency": 70,
      "icon": null,
      "color": "",
      "order": 1,
      "is_key_mission": false,
      "is_active": true,
      "time_to_complete": 1,
      "branch": 3,
      "category": 9,
      "mentor": null,
      "level": 1,
      "game_world": 1,
      "created_at": "2025-01-15T10:00:00Z",
      "updated_at": "2025-01-15T10:00:00Z"
    }
  },
  {
    "model": "game_world.Mission",
    "pk": 7,
    "fields": {
      "uuid": "550e8400-e29b-41d4-a716-446655440052",
      "name": "Подготовка контента для HR-блога",
      "description": "Написание статьи или создание презентации о карьерных возможностях в компании для публикации в корпоративном блоге.",
      "experience": 180,
      "currency": 150,
      "icon": null,
      "color": "",
      "order": 2,
      "is_key_mission": true,
      "is_active": true,
      "time_to_complete": 5,
      "branch": 3,
      "category": 9,
      "mentor": null,
      "level": 2,
      "game_world": 1,
      "created_at": "2025-01-15T10:00:00Z",
      "updated_at": "2025-01-15T10:00:00Z"
    }
  },
  {
    "model": "game_world.MissionArtifact",
    "pk": 1,
    "fields": {
      "uuid": "550e8400-e29b-41d4-a716-446655440053",
      "mission": 3,
      "artifact": 9,
      "created_at": "2025-01-15T10:00:00Z",
      "updated_at": "2025-01-15T10:00:00Z"
    }
  },
  {
    "model": "game_world.MissionArtifact",
    "pk": 2,
    "fields": {
      "uuid": "550e8400-e29b-41d4-a716-446655440054",
      "mission": 7,
      "artifact": 8,
      "created_at": "2025-01-15T10:00:00Z",
      "updated_at": "2025-01-15T10:00:00Z"
    }
  },
  {
    "model": "game_world.MissionCompetency",
    "pk": 1,
    "fields": {
      "uuid": "550e8400-e29b-41d4-a716-446655440055",
      "mission": 1,
      "competency": 7,
      "experience": 15,
      "created_at": "2025-01-15T10:00:00Z",
      "updated_at": "2025-01-15T10:00:00Z"
    }
  },
  {
    "model": "game_world.MissionCompetency",
    "pk": 2,
    "fields": {
      "uuid": "550e8400-e29b-41d4-a716-446655440056",
      "mission": 2,
      "competency": 5,
      "experience": 10,
      "created_at": "2025-01-15T10:00:00Z",
      "updated_at": "2025-01-15T10:00:00Z"
    }
  },
  {
    "model": "game_world.MissionCompetency",
    "pk": 3,
    "fields": {
      "uuid": "550e8400-e29b-41d4-a716-446655440057",
      "mission": 3,
      "competency": 5,
      "experience": 20,
      "created_at": "2025-01-15T10:00:00Z",
      "updated_at": "2025-01-15T10:00:00Z"
    }
  },
  {
    "model": "game_world.MissionCompetency",
    "pk": 4,
    "fields": {
      "uuid": "550e8400-e29b-41d4-a716-446655440058",
      "mission": 3,
      "competency": 7,
      "experience": 15,
      "created_at": "2025-01-15T10:00:00Z",
      "updated_at": "2025-01-15T10:00:00Z"
    }
  },
  {
    "model": "game_world.MissionCompetency",
    "pk": 5,
    "fields": {
      "uuid": "550e8400-e29b-41d4-a716-446655440059",
      "mission": 4,
      "competency": 1,
      "experience": 10,
      "created_at": "2025-01-15T10:00:00Z",
      "updated_at": "2025-01-15T10:00:00Z"
    }
  },
  {
    "model": "game_world.MissionCompetency",
    "pk": 6,
    "fields": {
      "uuid": "550e8400-e29b-41d4-a716-446655440060",
      "mission": 5,
      "competency": 5,
      "experience": 8,
      "created_at": "2025-01-15T10:00:00Z",
      "updated_at": "2025-01-15T10:00:00Z"
    }
  },
  {
    "model": "game_world.MissionCompetency",
    "pk": 7,
    "fields": {
      "uuid": "550e8400-e29b-41d4-a716-446655440061",
      "mission": 6,
      "competency": 5,
      "experience": 12,
      "created_at": "2025-01-15T10:00:00Z",
      "updated_at": "2025-01-15T10:00:00Z"
    }
  },
  {
    "model": "game_world.MissionCompetency",
    "pk": 8,
    "fields": {
      "uuid": "550e8400-e29b-41d4-a716-446655440062",
      "mission": 7,
      "competency": 5,
      "experience": 25,
      "created_at": "2025-01-15T10:00:00Z",
      "updated_at": "2025-01-15T10:00:00Z"
    }
  },
  {
    "model": "game_world.MissionCompetency",
    "pk": 9,
    "fields": {
      "uuid": "550e8400-e29b-41d4-a716-446655440063",
      "mission": 7,
      "competency": 9,
      "experience": 20,
      "created_at": "2025-01-15T10:00:00Z",
      "updated_at": "2025-01-15T10:00:00Z"
    }
  },
  {
    "model": "game_world.GameWorldStory",
    "pk": 1,
    "fields": {
      "uuid": "550e8400-e29b-41d4-a716-446655440064",
      "image": null,
      "text": "В далеком будущем человечество освоило межзвездные перелеты и основало Альянс Колониальных Корпораций. Наша компания - одна из первых, кто отправился к звездам в поисках новых талантов и возможностей. Мы - первопроходцы космического рекрутинга, открывающие двери для лучших специалистов со всех уголков галактики.",
      "game_world": 1,
      "content_type": 1,
      "object_id": 1,
      "created_at": "2025-01-15T10:00:00Z",
      "updated_at": "2025-01-15T10:00:00Z"
    }
  },
  {
    "model": "game_world.GameWorldStory",
    "pk": 2,
    "fields": {
      "uuid": "550e8400-e29b-41d4-a716-446655440065",
      "image": null,
      "text": "Каждый новый сотрудник - это как новый член экипажа космического корабля. Его интеграция в команду требует тщательной подготовки и поддержки. Система наставничества позволяет плавно ввести новичка в рабочий процесс, подобно тому как опытный пилот обучает штурмана основам космической навигации.",
      "game_world": 1,
      "content_type": 1,
      "object_id": 2,
      "created_at": "2025-01-15T10:00:00Z",
      "updated_at": "2025-01-15T10:00:00Z"
    }
  },
  {
    "model": "game_world.GameWorldStory",
    "pk": 3,
    "fields": {
      "uuid": "550e8400-e29b-41d4-a716-446655440066",
      "image": null,
      "text": "Процесс рекрутинга сравним с поиском редких артефактов на неизведанных планетах. Каждый кандидат - уникальная находка, требующая особого подхода и экспертной оценки. Наши рекрутеры подобны археологам, раскрывающим скрытый потенциал каждого специалиста.",
      "game_world": 1,
      "content_type": 1,
      "object_id": 3,
      "created_at": "2025-01-15T10:00:00Z",
      "updated_at": "2025-01-15T10:00:00Z"
    }
  },
  {
    "model": "game_world.GameWorldStory",
    "pk": 4,
    "fields": {
      "uuid": "550e8400-e29b-41d4-a716-446655440067",
      "image": null,
      "text": "Проведение собеседования - это искусство дипломатии и анализа. Как межзвездные переговоры, успешное интервью требует подготовки, эмпатии и стратегического мышления. Каждое решение влияет на будущее всей команды и компании.",
      "game_world": 1,
      "content_type": 2,
      "object_id": 3,
      "created_at": "2025-01-15T10:00:00Z",
      "updated_at": "2025-01-15T10:00:00Z"
    }
  },
  {
    "model": "game_world.GameWorldStory",
    "pk": 5,
    "fields": {
      "uuid": "550e8400-e29b-41d4-a716-446655440068",
      "image": null,
      "text": "Развитие HR-бренда компании подобно созданию репутации межзвездной корпорации. Каждый отзыв, каждая публикация и мероприятие укрепляет наш статус на галактическом рынке труда. Мы строим мосты между талантами и возможностями.",
      "game_world": 1,
      "content_type": 3,
      "object_id": 7,
      "created_at": "2025-01-15T10:00:00Z",
      "updated_at": "2025-01-15T10:00:00Z"
    }
  },
  {
    "model": "game_world.GameWorldStory",
    "pk": 6,
    "fields": {
      "uuid": "550e8400-e29b-41d4-a716-446655440069",
      "image": null,
      "text": "Адаптация новых сотрудников - это как стыковка космического корабля с орбитальной станцией. Процесс требует точности, внимания к деталям и постоянной поддержки. Успешная интеграция гарантирует плавный переход в рабочий ритм команды.",
      "game_world": 1,
      "content_type": 2,
      "object_id": 4,
      "created_at": "2025-01-15T10:00:00Z",
      "updated_at": "2025-01-15T10:00:00Z"
    }
  }
]
